Executing action: all (aliases: build)
Running cmake in directory /Users/kafka/Documents/Notion/esp-ble/stm32-project/integration/esp32-s3/build
Executing "cmake -G Ninja -DPYTHON_DEPS_CHECKED=1 -DPYTHON=/Users/kafka/.espressif/python_env/idf5.5_py3.14_env/bin/python -DESP_PLATFORM=1 -DIDF_TARGET=esp32s3 -DCCACHE_ENABLE=0 /Users/kafka/Documents/Notion/esp-ble/stm32-project/integration/esp32-s3"...
-- Found Git: /opt/homebrew/bin/git (found version "2.55.0")
-- Component directory /Users/kafka/esp/esp-idf-v5.5.5/components/esp_blockdev does not contain a CMakeLists.txt file. No component will be added
-- Minimal build - OFF
-- The C compiler identification is GNU 14.2.0
-- The CXX compiler identification is GNU 14.2.0
-- The ASM compiler identification is GNU
-- Found assembler: /Users/kafka/.espressif/tools/xtensa-esp-elf/esp-14.2.0_20260121/xtensa-esp-elf/bin/xtensa-esp32s3-elf-gcc
-- Detecting C compiler ABI info
-- Detecting C compiler ABI info - done
-- Check for working C compiler: /Users/kafka/.espressif/tools/xtensa-esp-elf/esp-14.2.0_20260121/xtensa-esp-elf/bin/xtensa-esp32s3-elf-gcc - skipped
-- Detecting C compile features
-- Detecting C compile features - done
-- Detecting CXX compiler ABI info
-- Detecting CXX compiler ABI info - done
-- Check for working CXX compiler: /Users/kafka/.espressif/tools/xtensa-esp-elf/esp-14.2.0_20260121/xtensa-esp-elf/bin/xtensa-esp32s3-elf-g++ - skipped
-- Detecting CXX compile features
-- Detecting CXX compile features - done
-- Building ESP-IDF components for target esp32s3
NOTICE: Dependencies lock doesn't exist, solving dependencies.
NOTICE: Using component placed at /Users/kafka/esp/esp-idf-v5.5.5/examples/bluetooth/esp_ble_mesh/common_components/example_init for dependency "example_init", specified in /Users/kafka/Documents/Notion/esp-ble/stm32-project/integration/esp32-s3/main/idf_component.yml
.NOTICE: Updating lock file at /Users/kafka/Documents/Notion/esp-ble/stm32-project/integration/esp32-s3/dependencies.lock
NOTICE: Processing 2 dependencies:
NOTICE: [1/2] example_init (*) (/Users/kafka/esp/esp-idf-v5.5.5/examples/bluetooth/esp_ble_mesh/common_components/example_init)
NOTICE: [2/2] idf (5.5.5)
-- ESP-TEE is currently supported only on the esp32c6;esp32h2;esp32c5 SoCs
-- Project sdkconfig file /Users/kafka/Documents/Notion/esp-ble/stm32-project/integration/esp32-s3/sdkconfig
Loading defaults file /Users/kafka/Documents/Notion/esp-ble/stm32-project/integration/esp32-s3/sdkconfig.defaults...
Loading defaults file /Users/kafka/Documents/Notion/esp-ble/stm32-project/integration/esp32-s3/sdkconfig.defaults.esp32s3...
-- Compiler supported targets: xtensa-esp-elf
-- Detecting C compiler ABI info
-- Detecting C compiler ABI info - done
-- Detecting CXX compiler ABI info
-- Detecting CXX compiler ABI info - done
-- Detecting C compiler ABI info
-- Detecting C compiler ABI info - done
-- Detecting CXX compiler ABI info
-- Detecting CXX compiler ABI info - done
-- Found Python3: /Users/kafka/.espressif/python_env/idf5.5_py3.14_env/bin/python (found version "3.14.7") found components: Interpreter
-- Performing Test CMAKE_HAVE_LIBC_PTHREAD
-- Performing Test CMAKE_HAVE_LIBC_PTHREAD - Success
-- Found Threads: TRUE
-- Performing Test C_COMPILER_SUPPORTS_WFORMAT_SIGNEDNESS
-- Performing Test C_COMPILER_SUPPORTS_WFORMAT_SIGNEDNESS - Success
-- USING O3
-- App "bsg_esp32_event_bridge" version: 8475f26
-- Adding linker script /Users/kafka/Documents/Notion/esp-ble/stm32-project/integration/esp32-s3/build/esp-idf/esp_system/ld/memory.ld
-- Adding linker script /Users/kafka/Documents/Notion/esp-ble/stm32-project/integration/esp32-s3/build/esp-idf/esp_system/ld/sections.ld.in
-- Adding linker script /Users/kafka/esp/esp-idf-v5.5.5/components/esp_rom/esp32s3/ld/esp32s3.rom.ld
-- Adding linker script /Users/kafka/esp/esp-idf-v5.5.5/components/esp_rom/esp32s3/ld/esp32s3.rom.api.ld
-- Adding linker script /Users/kafka/esp/esp-idf-v5.5.5/components/esp_rom/esp32s3/ld/esp32s3.rom.bt_funcs.ld
-- Adding linker script /Users/kafka/esp/esp-idf-v5.5.5/components/esp_rom/esp32s3/ld/esp32s3.rom.libgcc.ld
-- Adding linker script /Users/kafka/esp/esp-idf-v5.5.5/components/esp_rom/esp32s3/ld/esp32s3.rom.wdt.ld
-- Adding linker script /Users/kafka/esp/esp-idf-v5.5.5/components/esp_rom/esp32s3/ld/esp32s3.rom.version.ld
-- Adding linker script /Users/kafka/esp/esp-idf-v5.5.5/components/esp_rom/esp32s3/ld/esp32s3.rom.ble_50.ld
-- Adding linker script /Users/kafka/esp/esp-idf-v5.5.5/components/esp_rom/esp32s3/ld/esp32s3.rom.ble_cca.ld
-- Adding linker script /Users/kafka/esp/esp-idf-v5.5.5/components/esp_rom/esp32s3/ld/esp32s3.rom.ble_test.ld
-- Adding linker script /Users/kafka/esp/esp-idf-v5.5.5/components/esp_rom/esp32s3/ld/esp32s3.rom.libc.ld
-- Adding linker script /Users/kafka/esp/esp-idf-v5.5.5/components/esp_rom/esp32s3/ld/esp32s3.rom.newlib.ld
-- Adding linker script /Users/kafka/esp/esp-idf-v5.5.5/components/soc/esp32s3/ld/esp32s3.peripherals.ld
-- Components: app_trace app_update bootloader bootloader_support bt cmock console cxx driver efuse esp-tls esp_adc esp_app_format esp_bootloader_format esp_coex esp_common esp_driver_ana_cmpr esp_driver_bitscrambler esp_driver_cam esp_driver_dac esp_driver_gpio esp_driver_gptimer esp_driver_i2c esp_driver_i2s esp_driver_isp esp_driver_jpeg esp_driver_ledc esp_driver_mcpwm esp_driver_parlio esp_driver_pcnt esp_driver_ppa esp_driver_rmt esp_driver_sdio esp_driver_sdm esp_driver_sdmmc esp_driver_sdspi esp_driver_spi esp_driver_touch_sens esp_driver_tsens esp_driver_twai esp_driver_uart esp_driver_usb_serial_jtag esp_eth esp_event esp_gdbstub esp_hal_ieee802154 esp_hid esp_http_client esp_http_server esp_https_ota esp_https_server esp_hw_support esp_lcd esp_local_ctrl esp_mm esp_netif esp_netif_stack esp_partition esp_phy esp_pm esp_psram esp_ringbuf esp_rom esp_security esp_system esp_timer esp_vfs_console esp_wifi espcoredump esptool_py example_init fatfs freertos hal heap http_parser idf_test ieee802154 json log lwip main mbedtls mqtt newlib nvs_flash nvs_sec_provider openthread partition_table perfmon protobuf-c protocomm pthread rt sdmmc soc spi_flash spiffs tcp_transport touch_element ulp unity usb vfs wear_levelling wifi_provisioning wpa_supplicant xtensa
-- Component paths: /Users/kafka/esp/esp-idf-v5.5.5/components/app_trace /Users/kafka/esp/esp-idf-v5.5.5/components/app_update /Users/kafka/esp/esp-idf-v5.5.5/components/bootloader /Users/kafka/esp/esp-idf-v5.5.5/components/bootloader_support /Users/kafka/esp/esp-idf-v5.5.5/components/bt /Users/kafka/esp/esp-idf-v5.5.5/components/cmock /Users/kafka/esp/esp-idf-v5.5.5/components/console /Users/kafka/esp/esp-idf-v5.5.5/components/cxx /Users/kafka/esp/esp-idf-v5.5.5/components/driver /Users/kafka/esp/esp-idf-v5.5.5/components/efuse /Users/kafka/esp/esp-idf-v5.5.5/components/esp-tls /Users/kafka/esp/esp-idf-v5.5.5/components/esp_adc /Users/kafka/esp/esp-idf-v5.5.5/components/esp_app_format /Users/kafka/esp/esp-idf-v5.5.5/components/esp_bootloader_format /Users/kafka/esp/esp-idf-v5.5.5/components/esp_coex /Users/kafka/esp/esp-idf-v5.5.5/components/esp_common /Users/kafka/esp/esp-idf-v5.5.5/components/esp_driver_ana_cmpr /Users/kafka/esp/esp-idf-v5.5.5/components/esp_driver_bitscrambler /Users/kafka/esp/esp-idf-v5.5.5/components/esp_driver_cam /Users/kafka/esp/esp-idf-v5.5.5/components/esp_driver_dac /Users/kafka/esp/esp-idf-v5.5.5/components/esp_driver_gpio /Users/kafka/esp/esp-idf-v5.5.5/components/esp_driver_gptimer /Users/kafka/esp/esp-idf-v5.5.5/components/esp_driver_i2c /Users/kafka/esp/esp-idf-v5.5.5/components/esp_driver_i2s /Users/kafka/esp/esp-idf-v5.5.5/components/esp_driver_isp /Users/kafka/esp/esp-idf-v5.5.5/components/esp_driver_jpeg /Users/kafka/esp/esp-idf-v5.5.5/components/esp_driver_ledc /Users/kafka/esp/esp-idf-v5.5.5/components/esp_driver_mcpwm /Users/kafka/esp/esp-idf-v5.5.5/components/esp_driver_parlio /Users/kafka/esp/esp-idf-v5.5.5/components/esp_driver_pcnt /Users/kafka/esp/esp-idf-v5.5.5/components/esp_driver_ppa /Users/kafka/esp/esp-idf-v5.5.5/components/esp_driver_rmt /Users/kafka/esp/esp-idf-v5.5.5/components/esp_driver_sdio /Users/kafka/esp/esp-idf-v5.5.5/components/esp_driver_sdm /Users/kafka/esp/esp-idf-v5.5.5/components/esp_driver_sdmmc /Users/kafka/esp/esp-idf-v5.5.5/components/esp_driver_sdspi /Users/kafka/esp/esp-idf-v5.5.5/components/esp_driver_spi /Users/kafka/esp/esp-idf-v5.5.5/components/esp_driver_touch_sens /Users/kafka/esp/esp-idf-v5.5.5/components/esp_driver_tsens /Users/kafka/esp/esp-idf-v5.5.5/components/esp_driver_twai /Users/kafka/esp/esp-idf-v5.5.5/components/esp_driver_uart /Users/kafka/esp/esp-idf-v5.5.5/components/esp_driver_usb_serial_jtag /Users/kafka/esp/esp-idf-v5.5.5/components/esp_eth /Users/kafka/esp/esp-idf-v5.5.5/components/esp_event /Users/kafka/esp/esp-idf-v5.5.5/components/esp_gdbstub /Users/kafka/esp/esp-idf-v5.5.5/components/esp_hal_ieee802154 /Users/kafka/esp/esp-idf-v5.5.5/components/esp_hid /Users/kafka/esp/esp-idf-v5.5.5/components/esp_http_client /Users/kafka/esp/esp-idf-v5.5.5/components/esp_http_server /Users/kafka/esp/esp-idf-v5.5.5/components/esp_https_ota /Users/kafka/esp/esp-idf-v5.5.5/components/esp_https_server /Users/kafka/esp/esp-idf-v5.5.5/components/esp_hw_support /Users/kafka/esp/esp-idf-v5.5.5/components/esp_lcd /Users/kafka/esp/esp-idf-v5.5.5/components/esp_local_ctrl /Users/kafka/esp/esp-idf-v5.5.5/components/esp_mm /Users/kafka/esp/esp-idf-v5.5.5/components/esp_netif /Users/kafka/esp/esp-idf-v5.5.5/components/esp_netif_stack /Users/kafka/esp/esp-idf-v5.5.5/components/esp_partition /Users/kafka/esp/esp-idf-v5.5.5/components/esp_phy /Users/kafka/esp/esp-idf-v5.5.5/components/esp_pm /Users/kafka/esp/esp-idf-v5.5.5/components/esp_psram /Users/kafka/esp/esp-idf-v5.5.5/components/esp_ringbuf /Users/kafka/esp/esp-idf-v5.5.5/components/esp_rom /Users/kafka/esp/esp-idf-v5.5.5/components/esp_security /Users/kafka/esp/esp-idf-v5.5.5/components/esp_system /Users/kafka/esp/esp-idf-v5.5.5/components/esp_timer /Users/kafka/esp/esp-idf-v5.5.5/components/esp_vfs_console /Users/kafka/esp/esp-idf-v5.5.5/components/esp_wifi /Users/kafka/esp/esp-idf-v5.5.5/components/espcoredump /Users/kafka/esp/esp-idf-v5.5.5/components/esptool_py /Users/kafka/esp/esp-idf-v5.5.5/examples/bluetooth/esp_ble_mesh/common_components/example_init /Users/kafka/esp/esp-idf-v5.5.5/components/fatfs /Users/kafka/esp/esp-idf-v5.5.5/components/freertos /Users/kafka/esp/esp-idf-v5.5.5/components/hal /Users/kafka/esp/esp-idf-v5.5.5/components/heap /Users/kafka/esp/esp-idf-v5.5.5/components/http_parser /Users/kafka/esp/esp-idf-v5.5.5/components/idf_test /Users/kafka/esp/esp-idf-v5.5.5/components/ieee802154 /Users/kafka/esp/esp-idf-v5.5.5/components/json /Users/kafka/esp/esp-idf-v5.5.5/components/log /Users/kafka/esp/esp-idf-v5.5.5/components/lwip /Users/kafka/Documents/Notion/esp-ble/stm32-project/integration/esp32-s3/main /Users/kafka/esp/esp-idf-v5.5.5/components/mbedtls /Users/kafka/esp/esp-idf-v5.5.5/components/mqtt /Users/kafka/esp/esp-idf-v5.5.5/components/newlib /Users/kafka/esp/esp-idf-v5.5.5/components/nvs_flash /Users/kafka/esp/esp-idf-v5.5.5/components/nvs_sec_provider /Users/kafka/esp/esp-idf-v5.5.5/components/openthread /Users/kafka/esp/esp-idf-v5.5.5/components/partition_table /Users/kafka/esp/esp-idf-v5.5.5/components/perfmon /Users/kafka/esp/esp-idf-v5.5.5/components/protobuf-c /Users/kafka/esp/esp-idf-v5.5.5/components/protocomm /Users/kafka/esp/esp-idf-v5.5.5/components/pthread /Users/kafka/esp/esp-idf-v5.5.5/components/rt /Users/kafka/esp/esp-idf-v5.5.5/components/sdmmc /Users/kafka/esp/esp-idf-v5.5.5/components/soc /Users/kafka/esp/esp-idf-v5.5.5/components/spi_flash /Users/kafka/esp/esp-idf-v5.5.5/components/spiffs /Users/kafka/esp/esp-idf-v5.5.5/components/tcp_transport /Users/kafka/esp/esp-idf-v5.5.5/components/touch_element /Users/kafka/esp/esp-idf-v5.5.5/components/ulp /Users/kafka/esp/esp-idf-v5.5.5/components/unity /Users/kafka/esp/esp-idf-v5.5.5/components/usb /Users/kafka/esp/esp-idf-v5.5.5/components/vfs /Users/kafka/esp/esp-idf-v5.5.5/components/wear_levelling /Users/kafka/esp/esp-idf-v5.5.5/components/wifi_provisioning /Users/kafka/esp/esp-idf-v5.5.5/components/wpa_supplicant /Users/kafka/esp/esp-idf-v5.5.5/components/xtensa
-- Configuring done (4.3s)
-- Generating done (0.5s)
-- Build files have been written to: /Users/kafka/Documents/Notion/esp-ble/stm32-project/integration/esp32-s3/build
Running ninja in directory /Users/kafka/Documents/Notion/esp-ble/stm32-project/integration/esp32-s3/build
Executing "ninja all"...
[1/1491] Generating project_elf_src_esp32s3.c
[2/1491] Generating /Users/kafka/Documents/Notion/esp-ble/stm32-project/integration/esp32-s3/build/esp-idf/esp_system/ld/memory.ld linker script...
[3/1491] Generating /Users/kafka/Documents/Notion/esp-ble/stm32-project/integration/esp32-s3/build/esp-idf/esp_system/ld/sections.ld.in linker script...
[4/1491] Building C object esp-idf/esp_http_client/CMakeFiles/__idf_esp_http_client.dir/lib/http_header.c.obj
[5/1491] Generating ../../partition_table/partition-table.bin
Partition table binary generated. Contents:
*******************************************************************************
# ESP-IDF Partition Table
# Name, Type, SubType, Offset, Size, Flags
nvs,data,nvs,0x9000,24K,
phy_init,data,phy,0xf000,4K,
factory,app,factory,0x10000,1500K,
*******************************************************************************
[6/1491] Building C object esp-idf/esp_http_server/CMakeFiles/__idf_esp_http_server.dir/src/util/ctrl_sock.c.obj
[7/1491] Building C object esp-idf/esp_http_server/CMakeFiles/__idf_esp_http_server.dir/src/httpd_ws.c.obj
[8/1491] Building C object esp-idf/esp_http_server/CMakeFiles/__idf_esp_http_server.dir/src/httpd_uri.c.obj
[9/1491] Building C object esp-idf/esp_http_server/CMakeFiles/__idf_esp_http_server.dir/src/httpd_sess.c.obj
[10/1491] Building C object esp-idf/esp_http_client/CMakeFiles/__idf_esp_http_client.dir/lib/http_auth.c.obj
[11/1491] Building C object esp-idf/esp_http_server/CMakeFiles/__idf_esp_http_server.dir/src/httpd_txrx.c.obj
[12/1491] Building C object esp-idf/esp_http_server/CMakeFiles/__idf_esp_http_server.dir/src/httpd_main.c.obj
[13/1491] Building C object esp-idf/esp_http_server/CMakeFiles/__idf_esp_http_server.dir/src/httpd_parse.c.obj
[14/1491] Building C object esp-idf/esp_http_client/CMakeFiles/__idf_esp_http_client.dir/lib/http_utils.c.obj
[15/1491] Building C object esp-idf/esp_https_ota/CMakeFiles/__idf_esp_https_ota.dir/src/esp_https_ota.c.obj
[16/1491] Building C object esp-idf/esp_adc/CMakeFiles/__idf_esp_adc.dir/adc_cali.c.obj
[17/1491] Linking C static library esp-idf/esp_https_ota/libesp_https_ota.a
[18/1491] Building C object esp-idf/esp_adc/CMakeFiles/__idf_esp_adc.dir/deprecated/esp_adc_cal_common_legacy.c.obj
[19/1491] Building C object esp-idf/esp_adc/CMakeFiles/__idf_esp_adc.dir/adc_cali_curve_fitting.c.obj
[20/1491] Building C object esp-idf/tcp_transport/CMakeFiles/__idf_tcp_transport.dir/transport_socks_proxy.c.obj
[21/1491] Building C object esp-idf/esp_adc/CMakeFiles/__idf_esp_adc.dir/adc_common.c.obj
[22/1491] Building C object esp-idf/tcp_transport/CMakeFiles/__idf_tcp_transport.dir/transport.c.obj
[23/1491] Building C object esp-idf/esp_adc/CMakeFiles/__idf_esp_adc.dir/adc_oneshot.c.obj
[24/1491] Building C object esp-idf/tcp_transport/CMakeFiles/__idf_tcp_transport.dir/transport_internal.c.obj
[25/1491] Building C object esp-idf/esp_http_client/CMakeFiles/__idf_esp_http_client.dir/esp_http_client.c.obj
[26/1491] Linking C static library esp-idf/esp_http_server/libesp_http_server.a
[27/1491] Building C object esp-idf/tcp_transport/CMakeFiles/__idf_tcp_transport.dir/transport_ssl.c.obj
[28/1491] Building C object esp-idf/esp_adc/CMakeFiles/__idf_esp_adc.dir/esp32s3/curve_fitting_coefficients.c.obj
[29/1491] Building C object esp-idf/esp_adc/CMakeFiles/__idf_esp_adc.dir/gdma/adc_dma.c.obj
[30/1491] Building C object esp-idf/esp_adc/CMakeFiles/__idf_esp_adc.dir/deprecated/esp32s3/esp_adc_cal_legacy.c.obj
[31/1491] Building C object esp-idf/esp_adc/CMakeFiles/__idf_esp_adc.dir/adc_continuous.c.obj
[32/1491] Building C object esp-idf/esp-tls/CMakeFiles/__idf_esp-tls.dir/esp-tls-crypto/esp_tls_crypto.c.obj
[33/1491] Linking C static library esp-idf/esp_http_client/libesp_http_client.a
[34/1491] Building C object esp-idf/esp_adc/CMakeFiles/__idf_esp_adc.dir/adc_monitor.c.obj
[35/1491] Building C object esp-idf/esp-tls/CMakeFiles/__idf_esp-tls.dir/esp_tls_platform_port.c.obj
[36/1491] Building C object esp-idf/tcp_transport/CMakeFiles/__idf_tcp_transport.dir/transport_ws.c.obj
[37/1491] Linking C static library esp-idf/tcp_transport/libtcp_transport.a
[38/1491] Building C object esp-idf/esp_adc/CMakeFiles/__idf_esp_adc.dir/adc_filter.c.obj
[39/1491] Building C object esp-idf/esp-tls/CMakeFiles/__idf_esp-tls.dir/esp_tls_error_capture.c.obj
[40/1491] Building C object esp-idf/driver/CMakeFiles/__idf_driver.dir/deprecated/adc_legacy.c.obj
[41/1491] Building C object esp-idf/driver/CMakeFiles/__idf_driver.dir/deprecated/adc_dma_legacy.c.obj
[42/1491] Linking C static library esp-idf/esp_adc/libesp_adc.a
[43/1491] Building C object esp-idf/esp-tls/CMakeFiles/__idf_esp-tls.dir/esp_tls.c.obj
[44/1491] Building C object esp-idf/driver/CMakeFiles/__idf_driver.dir/deprecated/timer_legacy.c.obj
[45/1491] Building C object esp-idf/http_parser/CMakeFiles/__idf_http_parser.dir/http_parser.c.obj
[46/1491] Building C object esp-idf/driver/CMakeFiles/__idf_driver.dir/deprecated/rtc_temperature_legacy.c.obj
[47/1491] Building C object esp-idf/driver/CMakeFiles/__idf_driver.dir/deprecated/sigma_delta_legacy.c.obj
[48/1491] Building C object esp-idf/driver/CMakeFiles/__idf_driver.dir/touch_sensor/touch_sensor_common.c.obj
[49/1491] Building C object esp-idf/esp-tls/CMakeFiles/__idf_esp-tls.dir/esp_tls_mbedtls.c.obj
[50/1491] Building C object esp-idf/driver/CMakeFiles/__idf_driver.dir/deprecated/pcnt_legacy.c.obj
[51/1491] Building C object esp-idf/esp_driver_twai/CMakeFiles/__idf_esp_driver_twai.dir/esp_twai.c.obj
[52/1491] Building C object esp-idf/driver/CMakeFiles/__idf_driver.dir/deprecated/i2s_legacy.c.obj
[53/1491] Linking C static library esp-idf/esp-tls/libesp-tls.a
[54/1491] Building C object esp-idf/driver/CMakeFiles/__idf_driver.dir/twai/twai.c.obj
[55/1491] Linking C static library esp-idf/http_parser/libhttp_parser.a
[56/1491] Building C object esp-idf/driver/CMakeFiles/__idf_driver.dir/deprecated/mcpwm_legacy.c.obj
[57/1491] Building C object esp-idf/driver/CMakeFiles/__idf_driver.dir/i2c/i2c.c.obj
[58/1491] Building C object esp-idf/esp_driver_i2c/CMakeFiles/__idf_esp_driver_i2c.dir/i2c_common.c.obj
[59/1491] Building C object esp-idf/esp_driver_sdm/CMakeFiles/__idf_esp_driver_sdm.dir/src/sdm.c.obj
[60/1491] Building C object esp-idf/driver/CMakeFiles/__idf_driver.dir/touch_sensor/esp32s3/touch_sensor.c.obj
[61/1491] Building C object esp-idf/esp_driver_twai/CMakeFiles/__idf_esp_driver_twai.dir/esp_twai_onchip.c.obj
[62/1491] Building C object esp-idf/esp_driver_rmt/CMakeFiles/__idf_esp_driver_rmt.dir/src/rmt_encoder.c.obj
[63/1491] Building C object esp-idf/esp_driver_tsens/CMakeFiles/__idf_esp_driver_tsens.dir/src/temperature_sensor.c.obj
[64/1491] Building C object esp-idf/esp_driver_i2c/CMakeFiles/__idf_esp_driver_i2c.dir/i2c_slave.c.obj
[65/1491] Building C object esp-idf/esp_driver_sdspi/CMakeFiles/__idf_esp_driver_sdspi.dir/src/sdspi_crc.c.obj
[66/1491] Building C object esp-idf/esp_driver_rmt/CMakeFiles/__idf_esp_driver_rmt.dir/src/rmt_encoder_bytes.c.obj
[67/1491] Building C object esp-idf/esp_driver_rmt/CMakeFiles/__idf_esp_driver_rmt.dir/src/rmt_encoder_copy.c.obj
[68/1491] Building C object esp-idf/esp_driver_rmt/CMakeFiles/__idf_esp_driver_rmt.dir/src/rmt_common.c.obj
[69/1491] Building C object esp-idf/driver/CMakeFiles/__idf_driver.dir/deprecated/rmt_legacy.c.obj
[70/1491] Building C object esp-idf/esp_driver_rmt/CMakeFiles/__idf_esp_driver_rmt.dir/src/rmt_encoder_simple.c.obj
[71/1491] Building C object esp-idf/esp_driver_sdspi/CMakeFiles/__idf_esp_driver_sdspi.dir/src/sdspi_transaction.c.obj
[72/1491] Linking C static library esp-idf/driver/libdriver.a
[73/1491] Building C object esp-idf/esp_driver_sdmmc/CMakeFiles/__idf_esp_driver_sdmmc.dir/src/sdmmc_transaction.c.obj
[74/1491] Building C object esp-idf/esp_driver_sdspi/CMakeFiles/__idf_esp_driver_sdspi.dir/src/sdspi_host.c.obj
[75/1491] Building C object esp-idf/sdmmc/CMakeFiles/__idf_sdmmc.dir/sdmmc_common.c.obj
[76/1491] Building C object esp-idf/sdmmc/CMakeFiles/__idf_sdmmc.dir/sdmmc_init.c.obj
[77/1491] Building C object esp-idf/esp_driver_i2c/CMakeFiles/__idf_esp_driver_i2c.dir/i2c_master.c.obj
[78/1491] Building C object esp-idf/sdmmc/CMakeFiles/__idf_sdmmc.dir/sdmmc_cmd.c.obj
[79/1491] Building C object esp-idf/esp_driver_rmt/CMakeFiles/__idf_esp_driver_rmt.dir/src/rmt_rx.c.obj
[80/1491] Building C object esp-idf/esp_driver_ledc/CMakeFiles/__idf_esp_driver_ledc.dir/src/ledc.c.obj
[81/1491] Linking C static library esp-idf/esp_driver_twai/libesp_driver_twai.a
[82/1491] Building C object esp-idf/esp_driver_rmt/CMakeFiles/__idf_esp_driver_rmt.dir/src/rmt_tx.c.obj
[83/1491] Building C object esp-idf/sdmmc/CMakeFiles/__idf_sdmmc.dir/sdmmc_io.c.obj
[84/1491] Building C object esp-idf/esp_driver_sdmmc/CMakeFiles/__idf_esp_driver_sdmmc.dir/src/sdmmc_host.c.obj
[85/1491] Building C object esp-idf/sdmmc/CMakeFiles/__idf_sdmmc.dir/sd_pwr_ctrl/sd_pwr_ctrl.c.obj
[86/1491] Linking C static library esp-idf/esp_driver_ledc/libesp_driver_ledc.a
[87/1491] Building C object esp-idf/sdmmc/CMakeFiles/__idf_sdmmc.dir/sdmmc_mmc.c.obj
[88/1491] Linking C static library esp-idf/esp_driver_i2c/libesp_driver_i2c.a
[89/1491] Building C object esp-idf/esp_driver_i2s/CMakeFiles/__idf_esp_driver_i2s.dir/i2s_platform.c.obj
[90/1491] Building C object esp-idf/esp_driver_mcpwm/CMakeFiles/__idf_esp_driver_mcpwm.dir/src/mcpwm_com.c.obj
[91/1491] Building C object esp-idf/esp_driver_mcpwm/CMakeFiles/__idf_esp_driver_mcpwm.dir/src/mcpwm_cmpr.c.obj
[92/1491] Linking C static library esp-idf/esp_driver_sdm/libesp_driver_sdm.a
[93/1491] Building C object esp-idf/sdmmc/CMakeFiles/__idf_sdmmc.dir/sdmmc_sd.c.obj
[94/1491] Building C object esp-idf/esp_driver_i2s/CMakeFiles/__idf_esp_driver_i2s.dir/i2s_std.c.obj
[95/1491] Building C object esp-idf/esp_driver_i2s/CMakeFiles/__idf_esp_driver_i2s.dir/i2s_tdm.c.obj
[96/1491] Linking C static library esp-idf/esp_driver_tsens/libesp_driver_tsens.a
[97/1491] Building C object esp-idf/esp_driver_i2s/CMakeFiles/__idf_esp_driver_i2s.dir/i2s_pdm.c.obj
[98/1491] Building C object esp-idf/esp_driver_mcpwm/CMakeFiles/__idf_esp_driver_mcpwm.dir/src/mcpwm_fault.c.obj
[99/1491] Building C object esp-idf/esp_driver_mcpwm/CMakeFiles/__idf_esp_driver_mcpwm.dir/src/mcpwm_oper.c.obj
[100/1491] Linking C static library esp-idf/esp_driver_rmt/libesp_driver_rmt.a
[101/1491] Building C object esp-idf/esp_driver_mcpwm/CMakeFiles/__idf_esp_driver_mcpwm.dir/src/mcpwm_cap.c.obj
[102/1491] Building C object esp-idf/esp_gdbstub/CMakeFiles/__idf_esp_gdbstub.dir/src/gdbstub_transport.c.obj
[103/1491] Building C object esp-idf/esp_driver_mcpwm/CMakeFiles/__idf_esp_driver_mcpwm.dir/src/mcpwm_sync.c.obj
[104/1491] Building C object esp-idf/esp_gdbstub/CMakeFiles/__idf_esp_gdbstub.dir/src/gdbstub.c.obj
[105/1491] Building ASM object esp-idf/esp_gdbstub/CMakeFiles/__idf_esp_gdbstub.dir/src/port/xtensa/gdbstub-entry.S.obj
[106/1491] Building C object esp-idf/esp_driver_i2s/CMakeFiles/__idf_esp_driver_i2s.dir/i2s_common.c.obj
[107/1491] Building ASM object esp-idf/esp_gdbstub/CMakeFiles/__idf_esp_gdbstub.dir/src/port/xtensa/xt_debugexception.S.obj
[108/1491] Building C object esp-idf/esp_driver_mcpwm/CMakeFiles/__idf_esp_driver_mcpwm.dir/src/mcpwm_timer.c.obj
[109/1491] Linking C static library esp-idf/esp_driver_sdspi/libesp_driver_sdspi.a
[110/1491] Building C object esp-idf/esp_driver_mcpwm/CMakeFiles/__idf_esp_driver_mcpwm.dir/src/mcpwm_gen.c.obj
[111/1491] Building C object esp-idf/esp_gdbstub/CMakeFiles/__idf_esp_gdbstub.dir/src/packet.c.obj
[112/1491] Linking C static library esp-idf/esp_driver_sdmmc/libesp_driver_sdmmc.a
[113/1491] Building C object esp-idf/esp_wifi/CMakeFiles/__idf_esp_wifi.dir/src/lib_printf.c.obj
[114/1491] Building C object esp-idf/esp_gdbstub/CMakeFiles/__idf_esp_gdbstub.dir/src/port/xtensa/gdbstub_xtensa.c.obj
[115/1491] Building C object esp-idf/esp_wifi/CMakeFiles/__idf_esp_wifi.dir/src/mesh_event.c.obj
[116/1491] Building C object esp-idf/esp_wifi/CMakeFiles/__idf_esp_wifi.dir/src/smartconfig.c.obj
[117/1491] Linking C static library esp-idf/sdmmc/libsdmmc.a
[118/1491] Building C object esp-idf/esp_wifi/CMakeFiles/__idf_esp_wifi.dir/src/wifi_init.c.obj
[119/1491] Building C object esp-idf/esp_wifi/CMakeFiles/__idf_esp_wifi.dir/src/wifi_default.c.obj
[120/1491] Building C object esp-idf/esp_wifi/CMakeFiles/__idf_esp_wifi.dir/src/wifi_default_ap.c.obj
[121/1491] Building C object esp-idf/esp_driver_pcnt/CMakeFiles/__idf_esp_driver_pcnt.dir/src/pulse_cnt.c.obj
[122/1491] Building C object esp-idf/esp_wifi/CMakeFiles/__idf_esp_wifi.dir/src/wifi_netif.c.obj
[123/1491] Linking C static library esp-idf/esp_driver_i2s/libesp_driver_i2s.a
[124/1491] Building C object esp-idf/esp_coex/CMakeFiles/__idf_esp_coex.dir/src/coexist.c.obj
[125/1491] Building C object esp-idf/esp_coex/CMakeFiles/__idf_esp_coex.dir/src/coexist_debug_diagram.c.obj
[126/1491] Building C object esp-idf/esp_wifi/CMakeFiles/__idf_esp_wifi.dir/regulatory/esp_wifi_regulatory.c.obj
[127/1491] Building C object esp-idf/esp_coex/CMakeFiles/__idf_esp_coex.dir/src/lib_printf.c.obj
[128/1491] Building C object esp-idf/esp_driver_spi/CMakeFiles/__idf_esp_driver_spi.dir/src/gpspi/spi_slave_hd.c.obj
[129/1491] Building C object esp-idf/esp_wifi/CMakeFiles/__idf_esp_wifi.dir/esp32s3/esp_adapter.c.obj
[130/1491] Linking C static library esp-idf/esp_driver_mcpwm/libesp_driver_mcpwm.a
[131/1491] Building C object esp-idf/esp_coex/CMakeFiles/__idf_esp_coex.dir/src/coexist_debug.c.obj
[132/1491] Building C object esp-idf/esp_driver_spi/CMakeFiles/__idf_esp_driver_spi.dir/src/gpspi/spi_common.c.obj
[133/1491] Building C object esp-idf/esp_coex/CMakeFiles/__idf_esp_coex.dir/esp32s3/esp_coex_adapter.c.obj
[134/1491] Building C object esp-idf/esp_driver_spi/CMakeFiles/__idf_esp_driver_spi.dir/src/gpspi/spi_slave.c.obj
[135/1491] Building C object esp-idf/esp_wifi/CMakeFiles/__idf_esp_wifi.dir/src/smartconfig_ack.c.obj
[136/1491] Linking C static library esp-idf/esp_driver_pcnt/libesp_driver_pcnt.a
[137/1491] Linking C static library esp-idf/esp_gdbstub/libesp_gdbstub.a
[138/1491] Building C object esp-idf/wpa_supplicant/CMakeFiles/__idf_wpa_supplicant.dir/port/os_xtensa.c.obj
[139/1491] Building C object esp-idf/wpa_supplicant/CMakeFiles/__idf_wpa_supplicant.dir/src/ap/ap_config.c.obj
[140/1491] Building C object esp-idf/wpa_supplicant/CMakeFiles/__idf_wpa_supplicant.dir/src/ap/ieee802_1x.c.obj
[141/1491] Building C object esp-idf/wpa_supplicant/CMakeFiles/__idf_wpa_supplicant.dir/src/ap/comeback_token.c.obj
[142/1491] Building C object esp-idf/wpa_supplicant/CMakeFiles/__idf_wpa_supplicant.dir/src/ap/pmksa_cache_auth.c.obj
[143/1491] Building C object esp-idf/wpa_supplicant/CMakeFiles/__idf_wpa_supplicant.dir/src/ap/wpa_auth_ie.c.obj
[144/1491] Building C object esp-idf/wpa_supplicant/CMakeFiles/__idf_wpa_supplicant.dir/src/ap/sta_info.c.obj
[145/1491] Building C object esp-idf/wpa_supplicant/CMakeFiles/__idf_wpa_supplicant.dir/port/eloop.c.obj
[146/1491] Building C object esp-idf/wpa_supplicant/CMakeFiles/__idf_wpa_supplicant.dir/src/common/dragonfly.c.obj
[147/1491] Building C object esp-idf/esp_driver_spi/CMakeFiles/__idf_esp_driver_spi.dir/src/gpspi/spi_master.c.obj
[148/1491] Building C object esp-idf/wpa_supplicant/CMakeFiles/__idf_wpa_supplicant.dir/src/utils/bitfield.c.obj
[149/1491] Building C object esp-idf/wpa_supplicant/CMakeFiles/__idf_wpa_supplicant.dir/src/ap/ieee802_11.c.obj
[150/1491] Building C object esp-idf/wpa_supplicant/CMakeFiles/__idf_wpa_supplicant.dir/src/crypto/aes-siv.c.obj
[151/1491] Building C object esp-idf/wpa_supplicant/CMakeFiles/__idf_wpa_supplicant.dir/src/crypto/sha256-kdf.c.obj
[152/1491] Building C object esp-idf/wpa_supplicant/CMakeFiles/__idf_wpa_supplicant.dir/src/common/wpa_common.c.obj
[153/1491] Linking C static library esp-idf/esp_driver_spi/libesp_driver_spi.a
[154/1491] Building C object esp-idf/wpa_supplicant/CMakeFiles/__idf_wpa_supplicant.dir/src/crypto/ccmp.c.obj
[155/1491] Building C object esp-idf/wpa_supplicant/CMakeFiles/__idf_wpa_supplicant.dir/src/crypto/aes-gcm.c.obj
[156/1491] Building C object esp-idf/wpa_supplicant/CMakeFiles/__idf_wpa_supplicant.dir/src/crypto/crypto_ops.c.obj
[157/1491] Linking C static library esp-idf/esp_wifi/libesp_wifi.a
[158/1491] Building C object esp-idf/wpa_supplicant/CMakeFiles/__idf_wpa_supplicant.dir/src/crypto/dh_group5.c.obj
[159/1491] Building C object esp-idf/wpa_supplicant/CMakeFiles/__idf_wpa_supplicant.dir/src/crypto/dh_groups.c.obj
[160/1491] Building C object esp-idf/wpa_supplicant/CMakeFiles/__idf_wpa_supplicant.dir/src/crypto/sha1-tlsprf.c.obj
[161/1491] Building C object esp-idf/wpa_supplicant/CMakeFiles/__idf_wpa_supplicant.dir/src/crypto/sha384-tlsprf.c.obj
[162/1491] Building C object esp-idf/wpa_supplicant/CMakeFiles/__idf_wpa_supplicant.dir/src/crypto/sha256-tlsprf.c.obj
[163/1491] Building C object esp-idf/wpa_supplicant/CMakeFiles/__idf_wpa_supplicant.dir/src/crypto/ms_funcs.c.obj
[164/1491] Building C object esp-idf/wpa_supplicant/CMakeFiles/__idf_wpa_supplicant.dir/src/crypto/sha256-prf.c.obj
[165/1491] Building C object esp-idf/wpa_supplicant/CMakeFiles/__idf_wpa_supplicant.dir/src/crypto/sha1-prf.c.obj
[166/1491] Building C object esp-idf/wpa_supplicant/CMakeFiles/__idf_wpa_supplicant.dir/src/crypto/sha384-prf.c.obj
[167/1491] Building C object esp-idf/wpa_supplicant/CMakeFiles/__idf_wpa_supplicant.dir/src/crypto/sha1-tprf.c.obj
[168/1491] Building C object esp-idf/wpa_supplicant/CMakeFiles/__idf_wpa_supplicant.dir/src/crypto/md4-internal.c.obj
[169/1491] Building C object esp-idf/wpa_supplicant/CMakeFiles/__idf_wpa_supplicant.dir/src/eap_common/eap_wsc_common.c.obj
[170/1491] Building C object esp-idf/wpa_supplicant/CMakeFiles/__idf_wpa_supplicant.dir/src/ap/wpa_auth.c.obj
[171/1491] Building C object esp-idf/wpa_supplicant/CMakeFiles/__idf_wpa_supplicant.dir/src/common/ieee802_11_common.c.obj
[172/1491] Building C object esp-idf/wpa_supplicant/CMakeFiles/__idf_wpa_supplicant.dir/src/eap_peer/chap.c.obj
[173/1491] Building C object esp-idf/wpa_supplicant/CMakeFiles/__idf_wpa_supplicant.dir/src/common/sae.c.obj
[174/1491] Building C object esp-idf/wpa_supplicant/CMakeFiles/__idf_wpa_supplicant.dir/src/eap_peer/eap_common.c.obj
[175/1491] Building C object esp-idf/wpa_supplicant/CMakeFiles/__idf_wpa_supplicant.dir/src/eap_peer/eap_peap_common.c.obj
[176/1491] Building C object esp-idf/wpa_supplicant/CMakeFiles/__idf_wpa_supplicant.dir/src/eap_peer/eap.c.obj
[177/1491] Building C object esp-idf/wpa_supplicant/CMakeFiles/__idf_wpa_supplicant.dir/src/eap_peer/eap_mschapv2.c.obj
[178/1491] Building C object esp-idf/wpa_supplicant/CMakeFiles/__idf_wpa_supplicant.dir/src/eap_peer/eap_tls.c.obj
[179/1491] Building C object esp-idf/wpa_supplicant/CMakeFiles/__idf_wpa_supplicant.dir/src/eap_peer/mschapv2.c.obj
[180/1491] Building C object esp-idf/wpa_supplicant/CMakeFiles/__idf_wpa_supplicant.dir/src/eap_peer/eap_tls_common.c.obj
[181/1491] Building C object esp-idf/wpa_supplicant/CMakeFiles/__idf_wpa_supplicant.dir/src/eap_peer/eap_peap.c.obj
[182/1491] Building C object esp-idf/wpa_supplicant/CMakeFiles/__idf_wpa_supplicant.dir/src/eap_peer/eap_fast_common.c.obj
[183/1491] Building C object esp-idf/wpa_supplicant/CMakeFiles/__idf_wpa_supplicant.dir/src/rsn_supp/pmksa_cache.c.obj
[184/1491] Building C object esp-idf/wpa_supplicant/CMakeFiles/__idf_wpa_supplicant.dir/src/utils/base64.c.obj
[185/1491] Building C object esp-idf/wpa_supplicant/CMakeFiles/__idf_wpa_supplicant.dir/src/utils/ext_password.c.obj
[186/1491] Building C object esp-idf/wpa_supplicant/CMakeFiles/__idf_wpa_supplicant.dir/src/eap_peer/eap_ttls.c.obj
[187/1491] Building C object esp-idf/wpa_supplicant/CMakeFiles/__idf_wpa_supplicant.dir/src/utils/uuid.c.obj
[188/1491] Building C object esp-idf/wpa_supplicant/CMakeFiles/__idf_wpa_supplicant.dir/src/rsn_supp/wpa_ie.c.obj
[189/1491] Building C object esp-idf/wpa_supplicant/CMakeFiles/__idf_wpa_supplicant.dir/src/utils/wpabuf.c.obj
[190/1491] Building C object esp-idf/wpa_supplicant/CMakeFiles/__idf_wpa_supplicant.dir/src/utils/wpa_debug.c.obj
[191/1491] Building C object esp-idf/wpa_supplicant/CMakeFiles/__idf_wpa_supplicant.dir/src/eap_peer/eap_fast_pac.c.obj
[192/1491] Building C object esp-idf/wpa_supplicant/CMakeFiles/__idf_wpa_supplicant.dir/src/utils/common.c.obj
[193/1491] Building C object esp-idf/wpa_supplicant/CMakeFiles/__idf_wpa_supplicant.dir/src/wps/wps.c.obj
[194/1491] Building C object esp-idf/wpa_supplicant/CMakeFiles/__idf_wpa_supplicant.dir/src/utils/json.c.obj
[195/1491] Building C object esp-idf/wpa_supplicant/CMakeFiles/__idf_wpa_supplicant.dir/src/wps/wps_attr_parse.c.obj
[196/1491] Building C object esp-idf/wpa_supplicant/CMakeFiles/__idf_wpa_supplicant.dir/src/wps/wps_attr_process.c.obj
[197/1491] Building C object esp-idf/wpa_supplicant/CMakeFiles/__idf_wpa_supplicant.dir/src/eap_peer/eap_fast.c.obj
[198/1491] Building C object esp-idf/wpa_supplicant/CMakeFiles/__idf_wpa_supplicant.dir/src/wps/wps_attr_build.c.obj
[199/1491] Building C object esp-idf/wpa_supplicant/CMakeFiles/__idf_wpa_supplicant.dir/src/wps/wps_common.c.obj
[200/1491] Building C object esp-idf/wpa_supplicant/CMakeFiles/__idf_wpa_supplicant.dir/esp_supplicant/src/esp_wpa2_api_port.c.obj
[201/1491] Building C object esp-idf/wpa_supplicant/CMakeFiles/__idf_wpa_supplicant.dir/src/wps/wps_dev_attr.c.obj
[202/1491] Building C object esp-idf/wpa_supplicant/CMakeFiles/__idf_wpa_supplicant.dir/src/rsn_supp/wpa.c.obj
[203/1491] Building C object esp-idf/wpa_supplicant/CMakeFiles/__idf_wpa_supplicant.dir/src/common/sae_pk.c.obj
[204/1491] Building C object esp-idf/wpa_supplicant/CMakeFiles/__idf_wpa_supplicant.dir/src/wps/wps_enrollee.c.obj
[205/1491] Building C object esp-idf/wpa_supplicant/CMakeFiles/__idf_wpa_supplicant.dir/esp_supplicant/src/esp_wpas_glue.c.obj
[206/1491] Building C object esp-idf/wpa_supplicant/CMakeFiles/__idf_wpa_supplicant.dir/esp_supplicant/src/esp_owe.c.obj
[207/1491] Building C object esp-idf/wpa_supplicant/CMakeFiles/__idf_wpa_supplicant.dir/esp_supplicant/src/esp_wpa_main.c.obj
[208/1491] Building C object esp-idf/wpa_supplicant/CMakeFiles/__idf_wpa_supplicant.dir/esp_supplicant/src/esp_common.c.obj
[209/1491] Building C object esp-idf/wpa_supplicant/CMakeFiles/__idf_wpa_supplicant.dir/esp_supplicant/src/esp_eap_client.c.obj
[210/1491] Building C object esp-idf/wpa_supplicant/CMakeFiles/__idf_wpa_supplicant.dir/esp_supplicant/src/esp_hostap.c.obj
[211/1491] Building C object esp-idf/wpa_supplicant/CMakeFiles/__idf_wpa_supplicant.dir/esp_supplicant/src/crypto/fastpsk.c.obj
[212/1491] Building C object esp-idf/wpa_supplicant/CMakeFiles/__idf_wpa_supplicant.dir/esp_supplicant/src/esp_wpa3.c.obj
[213/1491] Building C object esp-idf/wpa_supplicant/CMakeFiles/__idf_wpa_supplicant.dir/esp_supplicant/src/crypto/crypto_mbedtls-bignum.c.obj
[214/1491] Building C object esp-idf/wpa_supplicant/CMakeFiles/__idf_wpa_supplicant.dir/esp_supplicant/src/crypto/crypto_mbedtls-rsa.c.obj
[215/1491] Building C object esp-idf/wpa_supplicant/CMakeFiles/__idf_wpa_supplicant.dir/esp_supplicant/src/crypto/crypto_mbedtls.c.obj
[216/1491] Linking C static library esp-idf/esp_coex/libesp_coex.a
[217/1491] Building C object esp-idf/wpa_supplicant/CMakeFiles/__idf_wpa_supplicant.dir/esp_supplicant/src/esp_wps.c.obj
[218/1491] Building C object esp-idf/wpa_supplicant/CMakeFiles/__idf_wpa_supplicant.dir/src/crypto/rc4.c.obj
[219/1491] Building C object esp-idf/esp_netif/CMakeFiles/__idf_esp_netif.dir/esp_netif_defaults.c.obj
[220/1491] Building C object esp-idf/esp_netif/CMakeFiles/__idf_esp_netif.dir/esp_netif_objects.c.obj
[221/1491] Building C object esp-idf/wpa_supplicant/CMakeFiles/__idf_wpa_supplicant.dir/src/crypto/des-internal.c.obj
[222/1491] Building C object esp-idf/wpa_supplicant/CMakeFiles/__idf_wpa_supplicant.dir/src/crypto/aes-wrap.c.obj
[223/1491] Building C object esp-idf/esp_netif/CMakeFiles/__idf_esp_netif.dir/esp_netif_handlers.c.obj
[224/1491] Building C object esp-idf/wpa_supplicant/CMakeFiles/__idf_wpa_supplicant.dir/esp_supplicant/src/crypto/tls_mbedtls.c.obj
[225/1491] Building C object esp-idf/wpa_supplicant/CMakeFiles/__idf_wpa_supplicant.dir/src/crypto/aes-unwrap.c.obj
[226/1491] Building C object esp-idf/wpa_supplicant/CMakeFiles/__idf_wpa_supplicant.dir/src/crypto/aes-ccm.c.obj
[227/1491] Building C object esp-idf/wpa_supplicant/CMakeFiles/__idf_wpa_supplicant.dir/esp_supplicant/src/crypto/crypto_mbedtls-ec.c.obj
[228/1491] Building C object esp-idf/esp_netif/CMakeFiles/__idf_esp_netif.dir/lwip/esp_netif_lwip_defaults.c.obj
[229/1491] Building C object esp-idf/esp_netif/CMakeFiles/__idf_esp_netif.dir/lwip/netif/wlanif.c.obj
[230/1491] Building C object esp-idf/esp_netif/CMakeFiles/__idf_esp_netif.dir/lwip/esp_netif_sntp.c.obj
[231/1491] Building C object esp-idf/esp_netif/CMakeFiles/__idf_esp_netif.dir/lwip/netif/ethernetif.c.obj
[232/1491] Building C object esp-idf/esp_netif/CMakeFiles/__idf_esp_netif.dir/lwip/netif/esp_pbuf_ref.c.obj
[233/1491] Building C object esp-idf/lwip/CMakeFiles/__idf_lwip.dir/lwip/src/api/err.c.obj
[234/1491] Building C object esp-idf/lwip/CMakeFiles/__idf_lwip.dir/apps/sntp/sntp.c.obj
[235/1491] Building C object esp-idf/lwip/CMakeFiles/__idf_lwip.dir/lwip/src/api/if_api.c.obj
[236/1491] Building C object esp-idf/lwip/CMakeFiles/__idf_lwip.dir/lwip/src/api/api_lib.c.obj
[237/1491] Building C object esp-idf/lwip/CMakeFiles/__idf_lwip.dir/lwip/src/api/netbuf.c.obj
[238/1491] Building C object esp-idf/lwip/CMakeFiles/__idf_lwip.dir/lwip/src/api/netdb.c.obj
[239/1491] Building C object esp-idf/lwip/CMakeFiles/__idf_lwip.dir/lwip/src/api/netifapi.c.obj
[240/1491] Building C object esp-idf/lwip/CMakeFiles/__idf_lwip.dir/lwip/src/api/tcpip.c.obj
[241/1491] Building C object esp-idf/lwip/CMakeFiles/__idf_lwip.dir/lwip/src/api/api_msg.c.obj
[242/1491] Building C object esp-idf/lwip/CMakeFiles/__idf_lwip.dir/lwip/src/apps/sntp/sntp.c.obj
[243/1491] Building C object esp-idf/lwip/CMakeFiles/__idf_lwip.dir/lwip/src/core/def.c.obj
[244/1491] Building C object esp-idf/lwip/CMakeFiles/__idf_lwip.dir/lwip/src/apps/netbiosns/netbiosns.c.obj
[245/1491] Building C object esp-idf/esp_netif/CMakeFiles/__idf_esp_netif.dir/lwip/esp_netif_lwip.c.obj
[246/1491] Linking C static library esp-idf/wpa_supplicant/libwpa_supplicant.a
[247/1491] Building C object esp-idf/lwip/CMakeFiles/__idf_lwip.dir/lwip/src/core/inet_chksum.c.obj
[248/1491] Building C object esp-idf/lwip/CMakeFiles/__idf_lwip.dir/lwip/src/core/init.c.obj
[249/1491] Building C object esp-idf/lwip/CMakeFiles/__idf_lwip.dir/lwip/src/core/ip.c.obj
[250/1491] Building C object esp-idf/lwip/CMakeFiles/__idf_lwip.dir/lwip/src/core/mem.c.obj
[251/1491] Building C object esp-idf/lwip/CMakeFiles/__idf_lwip.dir/lwip/src/core/dns.c.obj
[252/1491] Building C object esp-idf/lwip/CMakeFiles/__idf_lwip.dir/lwip/src/core/stats.c.obj
[253/1491] Building C object esp-idf/lwip/CMakeFiles/__idf_lwip.dir/lwip/src/core/memp.c.obj
[254/1491] Building C object esp-idf/lwip/CMakeFiles/__idf_lwip.dir/lwip/src/core/sys.c.obj
[255/1491] Building C object esp-idf/lwip/CMakeFiles/__idf_lwip.dir/lwip/src/core/raw.c.obj
[256/1491] Building C object esp-idf/lwip/CMakeFiles/__idf_lwip.dir/lwip/src/core/timeouts.c.obj
[257/1491] Building C object esp-idf/lwip/CMakeFiles/__idf_lwip.dir/lwip/src/core/ipv4/autoip.c.obj
[258/1491] Building C object esp-idf/lwip/CMakeFiles/__idf_lwip.dir/lwip/src/core/pbuf.c.obj
[259/1491] Building C object esp-idf/lwip/CMakeFiles/__idf_lwip.dir/lwip/src/core/netif.c.obj
[260/1491] Building C object esp-idf/lwip/CMakeFiles/__idf_lwip.dir/lwip/src/core/ipv4/icmp.c.obj
[261/1491] Building C object esp-idf/lwip/CMakeFiles/__idf_lwip.dir/lwip/src/core/udp.c.obj
[262/1491] Building C object esp-idf/lwip/CMakeFiles/__idf_lwip.dir/lwip/src/api/sockets.c.obj
[263/1491] Building C object esp-idf/lwip/CMakeFiles/__idf_lwip.dir/lwip/src/core/ipv4/etharp.c.obj
[264/1491] Building C object esp-idf/lwip/CMakeFiles/__idf_lwip.dir/lwip/src/core/ipv4/ip4_napt.c.obj
[265/1491] Building C object esp-idf/lwip/CMakeFiles/__idf_lwip.dir/lwip/src/core/ipv4/igmp.c.obj
[266/1491] Building C object esp-idf/lwip/CMakeFiles/__idf_lwip.dir/lwip/src/core/tcp_out.c.obj
[267/1491] Building C object esp-idf/lwip/CMakeFiles/__idf_lwip.dir/lwip/src/core/ipv4/ip4.c.obj
[268/1491] Building C object esp-idf/lwip/CMakeFiles/__idf_lwip.dir/lwip/src/core/ipv4/ip4_addr.c.obj
[269/1491] Building C object esp-idf/lwip/CMakeFiles/__idf_lwip.dir/lwip/src/core/ipv6/dhcp6.c.obj
[270/1491] Building C object esp-idf/lwip/CMakeFiles/__idf_lwip.dir/lwip/src/core/ipv4/ip4_frag.c.obj
[271/1491] Building C object esp-idf/lwip/CMakeFiles/__idf_lwip.dir/lwip/src/core/tcp_in.c.obj
[272/1491] Building C object esp-idf/lwip/CMakeFiles/__idf_lwip.dir/lwip/src/core/ipv6/inet6.c.obj
[273/1491] Building C object esp-idf/lwip/CMakeFiles/__idf_lwip.dir/lwip/src/core/ipv4/dhcp.c.obj
[274/1491] Building C object esp-idf/lwip/CMakeFiles/__idf_lwip.dir/lwip/src/core/ipv6/ethip6.c.obj
[275/1491] Building C object esp-idf/lwip/CMakeFiles/__idf_lwip.dir/lwip/src/core/ipv6/icmp6.c.obj
[276/1491] Building C object esp-idf/lwip/CMakeFiles/__idf_lwip.dir/lwip/src/core/ipv6/ip6_frag.c.obj
[277/1491] Building C object esp-idf/lwip/CMakeFiles/__idf_lwip.dir/lwip/src/core/tcp.c.obj
[278/1491] Building C object esp-idf/lwip/CMakeFiles/__idf_lwip.dir/lwip/src/core/ipv6/ip6_addr.c.obj
[279/1491] Building C object esp-idf/lwip/CMakeFiles/__idf_lwip.dir/lwip/src/netif/ethernet.c.obj
[280/1491] Building C object esp-idf/lwip/CMakeFiles/__idf_lwip.dir/lwip/src/netif/bridgeif.c.obj
[281/1491] Building C object esp-idf/lwip/CMakeFiles/__idf_lwip.dir/lwip/src/core/ipv6/mld6.c.obj
[282/1491] Building C object esp-idf/lwip/CMakeFiles/__idf_lwip.dir/lwip/src/core/ipv6/ip6.c.obj
[283/1491] Building C object esp-idf/lwip/CMakeFiles/__idf_lwip.dir/lwip/src/netif/bridgeif_fdb.c.obj
[284/1491] Building C object esp-idf/lwip/CMakeFiles/__idf_lwip.dir/lwip/src/netif/ppp/auth.c.obj
[285/1491] Building C object esp-idf/lwip/CMakeFiles/__idf_lwip.dir/lwip/src/netif/ppp/ccp.c.obj
[286/1491] Building C object esp-idf/lwip/CMakeFiles/__idf_lwip.dir/lwip/src/netif/slipif.c.obj
[287/1491] Building C object esp-idf/lwip/CMakeFiles/__idf_lwip.dir/lwip/src/netif/ppp/chap-md5.c.obj
[288/1491] Building C object esp-idf/lwip/CMakeFiles/__idf_lwip.dir/lwip/src/netif/ppp/chap-new.c.obj
[289/1491] Building C object esp-idf/lwip/CMakeFiles/__idf_lwip.dir/lwip/src/netif/ppp/chap_ms.c.obj
[290/1491] Building C object esp-idf/lwip/CMakeFiles/__idf_lwip.dir/lwip/src/netif/ppp/demand.c.obj
[291/1491] Building C object esp-idf/lwip/CMakeFiles/__idf_lwip.dir/lwip/src/netif/ppp/eap.c.obj
[292/1491] Building C object esp-idf/lwip/CMakeFiles/__idf_lwip.dir/lwip/src/core/ipv6/nd6.c.obj
[293/1491] Building C object esp-idf/lwip/CMakeFiles/__idf_lwip.dir/lwip/src/netif/ppp/ecp.c.obj
[294/1491] Building C object esp-idf/lwip/CMakeFiles/__idf_lwip.dir/lwip/src/netif/ppp/eui64.c.obj
[295/1491] Building C object esp-idf/lwip/CMakeFiles/__idf_lwip.dir/lwip/src/netif/ppp/fsm.c.obj
[296/1491] Building C object esp-idf/lwip/CMakeFiles/__idf_lwip.dir/lwip/src/netif/ppp/ipcp.c.obj
[297/1491] Building C object esp-idf/lwip/CMakeFiles/__idf_lwip.dir/lwip/src/netif/ppp/ipv6cp.c.obj
[298/1491] Building C object esp-idf/lwip/CMakeFiles/__idf_lwip.dir/lwip/src/netif/ppp/magic.c.obj
[299/1491] Building C object esp-idf/lwip/CMakeFiles/__idf_lwip.dir/lwip/src/netif/ppp/ppp.c.obj
[300/1491] Building C object esp-idf/lwip/CMakeFiles/__idf_lwip.dir/lwip/src/netif/ppp/multilink.c.obj
[301/1491] Building C object esp-idf/lwip/CMakeFiles/__idf_lwip.dir/lwip/src/netif/ppp/pppapi.c.obj
[302/1491] Building C object esp-idf/lwip/CMakeFiles/__idf_lwip.dir/lwip/src/netif/ppp/lcp.c.obj
[303/1491] Building C object esp-idf/lwip/CMakeFiles/__idf_lwip.dir/lwip/src/netif/ppp/mppe.c.obj
[304/1491] Building C object esp-idf/lwip/CMakeFiles/__idf_lwip.dir/lwip/src/netif/ppp/pppcrypt.c.obj
[305/1491] Building C object esp-idf/lwip/CMakeFiles/__idf_lwip.dir/lwip/src/netif/ppp/pppoe.c.obj
[306/1491] Building C object esp-idf/lwip/CMakeFiles/__idf_lwip.dir/lwip/src/netif/ppp/pppos.c.obj
[307/1491] Building C object esp-idf/lwip/CMakeFiles/__idf_lwip.dir/lwip/src/netif/ppp/pppol2tp.c.obj
[308/1491] Building C object esp-idf/lwip/CMakeFiles/__idf_lwip.dir/lwip/src/netif/ppp/upap.c.obj
[309/1491] Building C object esp-idf/lwip/CMakeFiles/__idf_lwip.dir/lwip/src/netif/ppp/vj.c.obj
[310/1491] Building C object esp-idf/lwip/CMakeFiles/__idf_lwip.dir/lwip/src/netif/ppp/utils.c.obj
[311/1491] Building C object esp-idf/lwip/CMakeFiles/__idf_lwip.dir/port/hooks/tcp_isn_default.c.obj
[312/1491] Building C object esp-idf/lwip/CMakeFiles/__idf_lwip.dir/port/hooks/lwip_default_hooks.c.obj
[313/1491] Building C object esp-idf/lwip/CMakeFiles/__idf_lwip.dir/port/if_index.c.obj
[314/1491] Building C object esp-idf/lwip/CMakeFiles/__idf_lwip.dir/port/debug/lwip_debug.c.obj
[315/1491] Building C object esp-idf/lwip/CMakeFiles/__idf_lwip.dir/port/sockets_ext.c.obj
[316/1491] Building C object esp-idf/lwip/CMakeFiles/__idf_lwip.dir/apps/ping/esp_ping.c.obj
[317/1491] Building C object esp-idf/lwip/CMakeFiles/__idf_lwip.dir/port/esp32xx/vfs_lwip.c.obj
[318/1491] Building C object esp-idf/lwip/CMakeFiles/__idf_lwip.dir/port/freertos/sys_arch.c.obj
[319/1491] Building C object esp-idf/lwip/CMakeFiles/__idf_lwip.dir/apps/ping/ping.c.obj
[320/1491] Building C object esp-idf/lwip/CMakeFiles/__idf_lwip.dir/port/acd_dhcp_check.c.obj
[321/1491] Linking C static library esp-idf/esp_netif/libesp_netif.a
[322/1491] Building C object esp-idf/lwip/CMakeFiles/__idf_lwip.dir/lwip/src/netif/ppp/polarssl/arc4.c.obj
[323/1491] Building C object esp-idf/lwip/CMakeFiles/__idf_lwip.dir/lwip/src/netif/ppp/polarssl/des.c.obj
[324/1491] Building C object esp-idf/lwip/CMakeFiles/__idf_lwip.dir/lwip/src/netif/ppp/polarssl/md4.c.obj
[325/1491] Building C object esp-idf/lwip/CMakeFiles/__idf_lwip.dir/lwip/src/netif/ppp/polarssl/sha1.c.obj
[326/1491] Building C object esp-idf/lwip/CMakeFiles/__idf_lwip.dir/lwip/src/netif/ppp/polarssl/md5.c.obj
[327/1491] Building C object esp-idf/lwip/CMakeFiles/__idf_lwip.dir/apps/ping/ping_sock.c.obj
[328/1491] Building C object esp-idf/vfs/CMakeFiles/__idf_vfs.dir/nullfs.c.obj
[329/1491] Building C object esp-idf/esp_vfs_console/CMakeFiles/__idf_esp_vfs_console.dir/vfs_console.c.obj
[330/1491] Building C object esp-idf/esp_phy/CMakeFiles/__idf_esp_phy.dir/src/lib_printf.c.obj
[331/1491] Building C object esp-idf/esp_driver_usb_serial_jtag/CMakeFiles/__idf_esp_driver_usb_serial_jtag.dir/src/usb_serial_jtag_connection_monitor.c.obj
[332/1491] Building C object esp-idf/esp_driver_usb_serial_jtag/CMakeFiles/__idf_esp_driver_usb_serial_jtag.dir/src/usb_serial_jtag.c.obj
[333/1491] Building C object esp-idf/esp_phy/CMakeFiles/__idf_esp_phy.dir/src/phy_override.c.obj
[334/1491] Building C object esp-idf/vfs/CMakeFiles/__idf_vfs.dir/vfs_eventfd.c.obj
[335/1491] Building C object esp-idf/esp_phy/CMakeFiles/__idf_esp_phy.dir/src/phy_common.c.obj
[336/1491] Building C object esp-idf/esp_phy/CMakeFiles/__idf_esp_phy.dir/esp32s3/phy_init_data.c.obj
[337/1491] Building C object esp-idf/esp_phy/CMakeFiles/__idf_esp_phy.dir/src/btbb_init.c.obj
[338/1491] Building C object esp-idf/vfs/CMakeFiles/__idf_vfs.dir/vfs_semihost.c.obj
[339/1491] Building C object esp-idf/lwip/CMakeFiles/__idf_lwip.dir/apps/dhcpserver/dhcpserver.c.obj
[340/1491] Building C object esp-idf/esp_driver_usb_serial_jtag/CMakeFiles/__idf_esp_driver_usb_serial_jtag.dir/src/usb_serial_jtag_vfs.c.obj
[341/1491] Building C object esp-idf/esp_phy/CMakeFiles/__idf_esp_phy.dir/src/phy_init.c.obj
[342/1491] Building C object esp-idf/vfs/CMakeFiles/__idf_vfs.dir/vfs.c.obj
[343/1491] Building CXX object esp-idf/nvs_flash/CMakeFiles/__idf_nvs_flash.dir/src/nvs_partition.cpp.obj
[344/1491] Linking C static library esp-idf/lwip/liblwip.a
[345/1491] Linking C static library esp-idf/vfs/libvfs.a
[346/1491] Building CXX object esp-idf/nvs_flash/CMakeFiles/__idf_nvs_flash.dir/src/nvs_partition_lookup.cpp.obj
[347/1491] Linking C static library esp-idf/esp_vfs_console/libesp_vfs_console.a
[348/1491] Building CXX object esp-idf/nvs_flash/CMakeFiles/__idf_nvs_flash.dir/src/nvs_platform.cpp.obj
[349/1491] Linking C static library esp-idf/esp_driver_usb_serial_jtag/libesp_driver_usb_serial_jtag.a
[350/1491] Building C object esp-idf/nvs_flash/CMakeFiles/__idf_nvs_flash.dir/src/nvs_bootloader.c.obj
[351/1491] Building C object esp-idf/nvs_flash/CMakeFiles/__idf_nvs_flash.dir/src/nvs_bootloader_aes.c.obj
[352/1491] Building C object esp-idf/nvs_flash/CMakeFiles/__idf_nvs_flash.dir/src/nvs_bootloader_xts_aes.c.obj
[353/1491] Linking C static library esp-idf/esp_phy/libesp_phy.a
[354/1491] Building C object esp-idf/esp_event/CMakeFiles/__idf_esp_event.dir/default_event_loop.c.obj
[355/1491] Building CXX object esp-idf/nvs_flash/CMakeFiles/__idf_nvs_flash.dir/src/nvs_handle_simple.cpp.obj
[356/1491] Building CXX object esp-idf/nvs_flash/CMakeFiles/__idf_nvs_flash.dir/src/nvs_item_hash_list.cpp.obj
[357/1491] Building CXX object esp-idf/nvs_flash/CMakeFiles/__idf_nvs_flash.dir/src/nvs_pagemanager.cpp.obj
[358/1491] Building CXX object esp-idf/nvs_flash/CMakeFiles/__idf_nvs_flash.dir/src/nvs_cxx_api.cpp.obj
[359/1491] Building CXX object esp-idf/nvs_flash/CMakeFiles/__idf_nvs_flash.dir/src/nvs_handle_locked.cpp.obj
[360/1491] Building C object esp-idf/esp_event/CMakeFiles/__idf_esp_event.dir/esp_event.c.obj
[361/1491] Building C object esp-idf/esp_event/CMakeFiles/__idf_esp_event.dir/esp_event_private.c.obj
[362/1491] Building C object esp-idf/esp_driver_uart/CMakeFiles/__idf_esp_driver_uart.dir/src/uart_wakeup.c.obj
[363/1491] Building C object esp-idf/esp_psram/CMakeFiles/__idf_esp_psram.dir/system_layer/esp_psram_mspi.c.obj
[364/1491] Building CXX object esp-idf/nvs_flash/CMakeFiles/__idf_nvs_flash.dir/src/nvs_storage.cpp.obj
[365/1491] Building CXX object esp-idf/nvs_flash/CMakeFiles/__idf_nvs_flash.dir/src/nvs_api.cpp.obj
[366/1491] Building CXX object esp-idf/nvs_flash/CMakeFiles/__idf_nvs_flash.dir/src/nvs_partition_manager.cpp.obj
[367/1491] Building CXX object esp-idf/nvs_flash/CMakeFiles/__idf_nvs_flash.dir/src/nvs_page.cpp.obj
[368/1491] Building CXX object esp-idf/nvs_flash/CMakeFiles/__idf_nvs_flash.dir/src/nvs_types.cpp.obj
[369/1491] Building C object esp-idf/esp_driver_uart/CMakeFiles/__idf_esp_driver_uart.dir/src/uart_vfs.c.obj
[370/1491] Building C object esp-idf/esp_driver_uart/CMakeFiles/__idf_esp_driver_uart.dir/src/uhci.c.obj
[371/1491] Building C object esp-idf/esp_timer/CMakeFiles/__idf_esp_timer.dir/src/esp_timer_init.c.obj
[372/1491] Building C object esp-idf/esp_driver_gptimer/CMakeFiles/__idf_esp_driver_gptimer.dir/src/gptimer.c.obj
[373/1491] Building C object esp-idf/esp_ringbuf/CMakeFiles/__idf_esp_ringbuf.dir/ringbuf.c.obj
[374/1491] Building C object esp-idf/esp_timer/CMakeFiles/__idf_esp_timer.dir/src/system_time.c.obj
[375/1491] Building C object esp-idf/esp_driver_gptimer/CMakeFiles/__idf_esp_driver_gptimer.dir/src/gptimer_common.c.obj
[376/1491] Building C object esp-idf/esp_timer/CMakeFiles/__idf_esp_timer.dir/src/ets_timer_legacy.c.obj
[377/1491] Building C object esp-idf/esp_timer/CMakeFiles/__idf_esp_timer.dir/src/esp_timer_impl_common.c.obj
[378/1491] Building C object esp-idf/esp_timer/CMakeFiles/__idf_esp_timer.dir/src/esp_timer.c.obj
[379/1491] Building C object esp-idf/esp_driver_uart/CMakeFiles/__idf_esp_driver_uart.dir/src/uart.c.obj
[380/1491] Building CXX object esp-idf/cxx/CMakeFiles/__idf_cxx.dir/cxx_exception_stubs.cpp.obj
[381/1491] Building C object esp-idf/newlib/CMakeFiles/__idf_newlib.dir/src/init.c.obj
[382/1491] Building C object esp-idf/esp_timer/CMakeFiles/__idf_esp_timer.dir/src/esp_timer_impl_systimer.c.obj
[383/1491] Building CXX object esp-idf/nvs_flash/CMakeFiles/__idf_nvs_flash.dir/src/nvs_encrypted_partition.cpp.obj
[384/1491] Building CXX object esp-idf/cxx/CMakeFiles/__idf_cxx.dir/cxx_init.cpp.obj
[385/1491] Building C object esp-idf/newlib/CMakeFiles/__idf_newlib.dir/src/abort.c.obj
[386/1491] Building C object esp-idf/newlib/CMakeFiles/__idf_newlib.dir/src/assert.c.obj
[387/1491] Building C object esp-idf/pthread/CMakeFiles/__idf_pthread.dir/pthread_semaphore.c.obj
[388/1491] Building C object esp-idf/pthread/CMakeFiles/__idf_pthread.dir/pthread_local_storage.c.obj
[389/1491] Building C object esp-idf/pthread/CMakeFiles/__idf_pthread.dir/pthread_cond_var.c.obj
[390/1491] Building C object esp-idf/newlib/CMakeFiles/__idf_newlib.dir/src/heap.c.obj
[391/1491] Building C object esp-idf/pthread/CMakeFiles/__idf_pthread.dir/pthread_rwlock.c.obj
[392/1491] Building C object esp-idf/newlib/CMakeFiles/__idf_newlib.dir/src/poll.c.obj
[393/1491] Building C object esp-idf/newlib/CMakeFiles/__idf_newlib.dir/src/pthread.c.obj
[394/1491] Building C object esp-idf/pthread/CMakeFiles/__idf_pthread.dir/pthread.c.obj
[395/1491] Building C object esp-idf/newlib/CMakeFiles/__idf_newlib.dir/src/locks.c.obj
[396/1491] Building C object esp-idf/newlib/CMakeFiles/__idf_newlib.dir/src/random.c.obj
[397/1491] Building C object esp-idf/newlib/CMakeFiles/__idf_newlib.dir/src/termios.c.obj
[398/1491] Building C object esp-idf/newlib/CMakeFiles/__idf_newlib.dir/src/getentropy.c.obj
[399/1491] Linking C static library esp-idf/nvs_flash/libnvs_flash.a
[400/1491] Building C object esp-idf/newlib/CMakeFiles/__idf_newlib.dir/src/sysconf.c.obj
[401/1491] Building C object esp-idf/newlib/CMakeFiles/__idf_newlib.dir/src/realpath.c.obj
[402/1491] Building C object esp-idf/newlib/CMakeFiles/__idf_newlib.dir/src/reent_init.c.obj
[403/1491] Building C object esp-idf/newlib/CMakeFiles/__idf_newlib.dir/src/flockfile.c.obj
[404/1491] Linking C static library esp-idf/esp_event/libesp_event.a
[405/1491] Building C object esp-idf/newlib/CMakeFiles/__idf_newlib.dir/src/stdatomic.c.obj
[406/1491] Building C object esp-idf/newlib/CMakeFiles/__idf_newlib.dir/src/scandir.c.obj
[407/1491] Building C object esp-idf/newlib/CMakeFiles/__idf_newlib.dir/src/syscalls.c.obj
[408/1491] Building C object esp-idf/newlib/CMakeFiles/__idf_newlib.dir/src/port/esp_time_impl.c.obj
[409/1491] Building C object esp-idf/newlib/CMakeFiles/__idf_newlib.dir/src/reent_syscalls.c.obj
[410/1491] Linking C static library esp-idf/esp_driver_uart/libesp_driver_uart.a
[411/1491] Building C object esp-idf/newlib/CMakeFiles/__idf_newlib.dir/src/newlib_init.c.obj
[412/1491] Building C object esp-idf/newlib/CMakeFiles/__idf_newlib.dir/src/time.c.obj
[413/1491] Building C object esp-idf/freertos/CMakeFiles/__idf_freertos.dir/heap_idf.c.obj
[414/1491] Building CXX object esp-idf/cxx/CMakeFiles/__idf_cxx.dir/cxx_guards.cpp.obj
[415/1491] Building C object esp-idf/freertos/CMakeFiles/__idf_freertos.dir/port_common.c.obj
[416/1491] Building C object esp-idf/freertos/CMakeFiles/__idf_freertos.dir/port_systick.c.obj
[417/1491] Linking C static library esp-idf/esp_psram/libesp_psram.a
[418/1491] Building C object esp-idf/freertos/CMakeFiles/__idf_freertos.dir/FreeRTOS-Kernel/list.c.obj
[419/1491] Building C object esp-idf/freertos/CMakeFiles/__idf_freertos.dir/app_startup.c.obj
[420/1491] Building ASM object esp-idf/freertos/CMakeFiles/__idf_freertos.dir/FreeRTOS-Kernel/portable/xtensa/portasm.S.obj
[421/1491] Building C object esp-idf/freertos/CMakeFiles/__idf_freertos.dir/FreeRTOS-Kernel/portable/xtensa/xtensa_init.c.obj
[422/1491] Linking C static library esp-idf/esp_ringbuf/libesp_ringbuf.a
[423/1491] Building C object esp-idf/freertos/CMakeFiles/__idf_freertos.dir/FreeRTOS-Kernel/event_groups.c.obj
[424/1491] Building C object esp-idf/freertos/CMakeFiles/__idf_freertos.dir/FreeRTOS-Kernel/portable/xtensa/xtensa_overlay_os_hook.c.obj
[425/1491] Building C object esp-idf/freertos/CMakeFiles/__idf_freertos.dir/FreeRTOS-Kernel/timers.c.obj
[426/1491] Building C object esp-idf/freertos/CMakeFiles/__idf_freertos.dir/esp_additions/freertos_compatibility.c.obj
[427/1491] Building C object esp-idf/freertos/CMakeFiles/__idf_freertos.dir/FreeRTOS-Kernel/portable/xtensa/port.c.obj
[428/1491] Building C object esp-idf/freertos/CMakeFiles/__idf_freertos.dir/esp_additions/idf_additions_event_groups.c.obj
[429/1491] Linking C static library esp-idf/esp_driver_gptimer/libesp_driver_gptimer.a
[430/1491] Building C object esp-idf/esp_hw_support/CMakeFiles/__idf_esp_hw_support.dir/cpu.c.obj
[431/1491] Building C object esp-idf/freertos/CMakeFiles/__idf_freertos.dir/FreeRTOS-Kernel/queue.c.obj
[432/1491] Building C object esp-idf/freertos/CMakeFiles/__idf_freertos.dir/esp_additions/idf_additions.c.obj
[433/1491] Building C object esp-idf/freertos/CMakeFiles/__idf_freertos.dir/FreeRTOS-Kernel/stream_buffer.c.obj
[434/1491] Building C object esp-idf/esp_hw_support/CMakeFiles/__idf_esp_hw_support.dir/port/esp32s3/cpu_region_protect.c.obj
[435/1491] Building C object esp-idf/esp_hw_support/CMakeFiles/__idf_esp_hw_support.dir/esp_memory_utils.c.obj
[436/1491] Building C object esp-idf/esp_hw_support/CMakeFiles/__idf_esp_hw_support.dir/port/esp32s3/esp_cpu_intr.c.obj
[437/1491] Linking C static library esp-idf/esp_timer/libesp_timer.a
[438/1491] Building C object esp-idf/esp_hw_support/CMakeFiles/__idf_esp_hw_support.dir/hw_random.c.obj
[439/1491] Building C object esp-idf/esp_hw_support/CMakeFiles/__idf_esp_hw_support.dir/esp_gpio_reserve.c.obj
[440/1491] Building C object esp-idf/esp_hw_support/CMakeFiles/__idf_esp_hw_support.dir/revision.c.obj
[441/1491] Building C object esp-idf/esp_hw_support/CMakeFiles/__idf_esp_hw_support.dir/mac_addr.c.obj
[442/1491] Linking C static library esp-idf/cxx/libcxx.a
[443/1491] Building C object esp-idf/esp_hw_support/CMakeFiles/__idf_esp_hw_support.dir/clk_ctrl_os.c.obj
[444/1491] Building C object esp-idf/esp_hw_support/CMakeFiles/__idf_esp_hw_support.dir/esp_clk.c.obj
[445/1491] Building C object esp-idf/esp_hw_support/CMakeFiles/__idf_esp_hw_support.dir/regi2c_ctrl.c.obj
[446/1491] Building C object esp-idf/esp_hw_support/CMakeFiles/__idf_esp_hw_support.dir/rtc_module.c.obj
[447/1491] Building C object esp-idf/esp_hw_support/CMakeFiles/__idf_esp_hw_support.dir/periph_ctrl.c.obj
[448/1491] Building C object esp-idf/esp_hw_support/CMakeFiles/__idf_esp_hw_support.dir/port/esp32s3/esp_clk_tree.c.obj
[449/1491] Linking C static library esp-idf/pthread/libpthread.a
[450/1491] Building C object esp-idf/esp_hw_support/CMakeFiles/__idf_esp_hw_support.dir/port/esp32s3/io_mux.c.obj
[451/1491] Building C object esp-idf/esp_hw_support/CMakeFiles/__idf_esp_hw_support.dir/sar_periph_ctrl_common.c.obj
[452/1491] Building C object esp-idf/esp_hw_support/CMakeFiles/__idf_esp_hw_support.dir/intr_alloc.c.obj
[453/1491] Building C object esp-idf/esp_hw_support/CMakeFiles/__idf_esp_hw_support.dir/dma/esp_dma_utils.c.obj
[454/1491] Building C object esp-idf/esp_hw_support/CMakeFiles/__idf_esp_hw_support.dir/dma/gdma_link.c.obj
[455/1491] Building C object esp-idf/esp_hw_support/CMakeFiles/__idf_esp_hw_support.dir/port/esp_clk_tree_common.c.obj
[456/1491] Building C object esp-idf/esp_hw_support/CMakeFiles/__idf_esp_hw_support.dir/clk_utils.c.obj
[457/1491] Building C object esp-idf/freertos/CMakeFiles/__idf_freertos.dir/FreeRTOS-Kernel/tasks.c.obj
[458/1491] Building C object esp-idf/esp_hw_support/CMakeFiles/__idf_esp_hw_support.dir/sleep_mspi.c.obj
[459/1491] Building C object esp-idf/esp_hw_support/CMakeFiles/__idf_esp_hw_support.dir/spi_bus_lock.c.obj
[460/1491] Building C object esp-idf/esp_hw_support/CMakeFiles/__idf_esp_hw_support.dir/sleep_usb.c.obj
[461/1491] Building C object esp-idf/esp_hw_support/CMakeFiles/__idf_esp_hw_support.dir/sleep_modem.c.obj
[462/1491] Building C object esp-idf/esp_hw_support/CMakeFiles/__idf_esp_hw_support.dir/sleep_console.c.obj
[463/1491] Building C object esp-idf/esp_hw_support/CMakeFiles/__idf_esp_hw_support.dir/spi_share_hw_ctrl.c.obj
[464/1491] Building C object esp-idf/esp_hw_support/CMakeFiles/__idf_esp_hw_support.dir/adc_share_hw_ctrl.c.obj
[465/1491] Linking C static library esp-idf/newlib/libnewlib.a
[466/1491] Building C object esp-idf/esp_hw_support/CMakeFiles/__idf_esp_hw_support.dir/port/esp32s3/systimer.c.obj
[467/1491] Building C object esp-idf/esp_hw_support/CMakeFiles/__idf_esp_hw_support.dir/dma/esp_async_memcpy.c.obj
[468/1491] Building C object esp-idf/esp_hw_support/CMakeFiles/__idf_esp_hw_support.dir/sleep_event.c.obj
[469/1491] Building C object esp-idf/esp_hw_support/CMakeFiles/__idf_esp_hw_support.dir/mspi_timing_tuning/mspi_timing_tuning.c.obj
[470/1491] Building C object esp-idf/esp_hw_support/CMakeFiles/__idf_esp_hw_support.dir/sleep_wake_stub.c.obj
[471/1491] Building C object esp-idf/esp_hw_support/CMakeFiles/__idf_esp_hw_support.dir/deprecated/gdma_legacy.c.obj
[472/1491] Building C object esp-idf/esp_hw_support/CMakeFiles/__idf_esp_hw_support.dir/sleep_gpio.c.obj
[473/1491] Building C object esp-idf/esp_hw_support/CMakeFiles/__idf_esp_hw_support.dir/esp_clock_output.c.obj
[474/1491] Building C object esp-idf/esp_hw_support/CMakeFiles/__idf_esp_hw_support.dir/power_supply/brownout.c.obj
[475/1491] Building C object esp-idf/esp_hw_support/CMakeFiles/__idf_esp_hw_support.dir/dma/async_memcpy_gdma.c.obj
[476/1491] Building C object esp-idf/esp_hw_support/CMakeFiles/__idf_esp_hw_support.dir/port/esp32s3/rtc_clk_init.c.obj
[477/1491] Building C object esp-idf/esp_hw_support/CMakeFiles/__idf_esp_hw_support.dir/port/esp32s3/rtc_clk.c.obj
[478/1491] Building C object esp-idf/esp_hw_support/CMakeFiles/__idf_esp_hw_support.dir/port/esp32s3/chip_info.c.obj
[479/1491] Building C object esp-idf/esp_hw_support/CMakeFiles/__idf_esp_hw_support.dir/port/esp32s3/rtc_sleep.c.obj
[480/1491] Building C object esp-idf/esp_hw_support/CMakeFiles/__idf_esp_hw_support.dir/port/esp_memprot_conv.c.obj
[481/1491] Building C object esp-idf/esp_hw_support/CMakeFiles/__idf_esp_hw_support.dir/port/esp32s3/rtc_init.c.obj
[482/1491] Building C object esp-idf/esp_hw_support/CMakeFiles/__idf_esp_hw_support.dir/dma/gdma.c.obj
[483/1491] Building C object esp-idf/esp_hw_support/CMakeFiles/__idf_esp_hw_support.dir/sleep_modes.c.obj
[484/1491] Building C object esp-idf/esp_hw_support/CMakeFiles/__idf_esp_hw_support.dir/mspi_timing_tuning/port/esp32s3/mspi_timing_config.c.obj
[485/1491] Building C object esp-idf/esp_hw_support/CMakeFiles/__idf_esp_hw_support.dir/port/esp32s3/rtc_time.c.obj
[486/1491] Building C object esp-idf/esp_security/CMakeFiles/__idf_esp_security.dir/src/esp_crypto_lock.c.obj
[487/1491] Building C object esp-idf/esp_hw_support/CMakeFiles/__idf_esp_hw_support.dir/port/esp32s3/sar_periph_ctrl.c.obj
[488/1491] Building C object esp-idf/soc/CMakeFiles/__idf_soc.dir/lldesc.c.obj
[489/1491] Linking C static library esp-idf/freertos/libfreertos.a
[490/1491] Building C object esp-idf/soc/CMakeFiles/__idf_soc.dir/dport_access_common.c.obj
[491/1491] Building C object esp-idf/soc/CMakeFiles/__idf_soc.dir/esp32s3/interrupts.c.obj
[492/1491] Building C object esp-idf/esp_security/CMakeFiles/__idf_esp_security.dir/src/init.c.obj
[493/1491] Building C object esp-idf/esp_security/CMakeFiles/__idf_esp_security.dir/src/esp_crypto_periph_clk.c.obj
[494/1491] Building C object esp-idf/esp_security/CMakeFiles/__idf_esp_security.dir/src/esp_hmac.c.obj
[495/1491] Building C object esp-idf/esp_hw_support/CMakeFiles/__idf_esp_hw_support.dir/mspi_timing_tuning/port/esp32s3/mspi_timing_by_mspi_delay.c.obj
[496/1491] Building C object esp-idf/soc/CMakeFiles/__idf_soc.dir/esp32s3/gpio_periph.c.obj
[497/1491] Building C object esp-idf/esp_hw_support/CMakeFiles/__idf_esp_hw_support.dir/lowpower/port/esp32s3/sleep_cpu.c.obj
[498/1491] Building C object esp-idf/soc/CMakeFiles/__idf_soc.dir/esp32s3/adc_periph.c.obj
[499/1491] Building C object esp-idf/soc/CMakeFiles/__idf_soc.dir/esp32s3/gdma_periph.c.obj
[500/1491] Building C object esp-idf/soc/CMakeFiles/__idf_soc.dir/esp32s3/uart_periph.c.obj
[501/1491] Building C object esp-idf/soc/CMakeFiles/__idf_soc.dir/esp32s3/dedic_gpio_periph.c.obj
[502/1491] Building C object esp-idf/soc/CMakeFiles/__idf_soc.dir/esp32s3/spi_periph.c.obj
[503/1491] Building C object esp-idf/esp_security/CMakeFiles/__idf_esp_security.dir/src/esp_ds.c.obj
[504/1491] Building C object esp-idf/soc/CMakeFiles/__idf_soc.dir/esp32s3/ledc_periph.c.obj
[505/1491] Building C object esp-idf/soc/CMakeFiles/__idf_soc.dir/esp32s3/pcnt_periph.c.obj
[506/1491] Building C object esp-idf/soc/CMakeFiles/__idf_soc.dir/esp32s3/rmt_periph.c.obj
[507/1491] Building C object esp-idf/soc/CMakeFiles/__idf_soc.dir/esp32s3/sdm_periph.c.obj
[508/1491] Building C object esp-idf/soc/CMakeFiles/__idf_soc.dir/esp32s3/i2c_periph.c.obj
[509/1491] Building C object esp-idf/soc/CMakeFiles/__idf_soc.dir/esp32s3/temperature_sensor_periph.c.obj
[510/1491] Building C object esp-idf/soc/CMakeFiles/__idf_soc.dir/esp32s3/i2s_periph.c.obj
[511/1491] Building C object esp-idf/soc/CMakeFiles/__idf_soc.dir/esp32s3/timer_periph.c.obj
[512/1491] Building C object esp-idf/soc/CMakeFiles/__idf_soc.dir/esp32s3/touch_sensor_periph.c.obj
[513/1491] Building C object esp-idf/soc/CMakeFiles/__idf_soc.dir/esp32s3/lcd_periph.c.obj
[514/1491] Building C object esp-idf/soc/CMakeFiles/__idf_soc.dir/esp32s3/mcpwm_periph.c.obj
[515/1491] Building C object esp-idf/soc/CMakeFiles/__idf_soc.dir/esp32s3/twai_periph.c.obj
[516/1491] Building C object esp-idf/soc/CMakeFiles/__idf_soc.dir/esp32s3/mpi_periph.c.obj
[517/1491] Building C object esp-idf/soc/CMakeFiles/__idf_soc.dir/esp32s3/sdmmc_periph.c.obj
[518/1491] Building C object esp-idf/soc/CMakeFiles/__idf_soc.dir/esp32s3/wdt_periph.c.obj
[519/1491] Building C object esp-idf/soc/CMakeFiles/__idf_soc.dir/esp32s3/cam_periph.c.obj
[520/1491] Building C object esp-idf/soc/CMakeFiles/__idf_soc.dir/esp32s3/usb_dwc_periph.c.obj
[521/1491] Building C object esp-idf/soc/CMakeFiles/__idf_soc.dir/esp32s3/power_supply_periph.c.obj
[522/1491] Building C object esp-idf/esp_hw_support/CMakeFiles/__idf_esp_hw_support.dir/port/esp32s3/esp_memprot.c.obj
[523/1491] Building C object esp-idf/soc/CMakeFiles/__idf_soc.dir/esp32s3/rtc_io_periph.c.obj
[524/1491] Building C object esp-idf/heap/CMakeFiles/__idf_heap.dir/port/esp32s3/memory_layout.c.obj
[525/1491] Building C object esp-idf/heap/CMakeFiles/__idf_heap.dir/port/memory_layout_utils.c.obj
[526/1491] Building C object esp-idf/log/CMakeFiles/__idf_log.dir/src/os/log_timestamp.c.obj
[527/1491] Building C object esp-idf/log/CMakeFiles/__idf_log.dir/src/os/log_lock.c.obj
[528/1491] Building C object esp-idf/log/CMakeFiles/__idf_log.dir/src/buffer/log_buffers.c.obj
[529/1491] Building C object esp-idf/log/CMakeFiles/__idf_log.dir/src/log_timestamp_common.c.obj
[530/1491] Building C object esp-idf/heap/CMakeFiles/__idf_heap.dir/heap_caps_base.c.obj
[531/1491] Building C object esp-idf/log/CMakeFiles/__idf_log.dir/src/util.c.obj
[532/1491] Building C object esp-idf/log/CMakeFiles/__idf_log.dir/src/os/util.c.obj
[533/1491] Building C object esp-idf/log/CMakeFiles/__idf_log.dir/src/log_format_text.c.obj
[534/1491] Building C object esp-idf/log/CMakeFiles/__idf_log.dir/src/log_print.c.obj
[535/1491] Building C object esp-idf/log/CMakeFiles/__idf_log.dir/src/log_level/log_level.c.obj
[536/1491] Building C object esp-idf/log/CMakeFiles/__idf_log.dir/src/log.c.obj
[537/1491] Building C object esp-idf/log/CMakeFiles/__idf_log.dir/src/os/log_write.c.obj
[538/1491] Linking C static library esp-idf/esp_hw_support/libesp_hw_support.a
[539/1491] Building C object esp-idf/heap/CMakeFiles/__idf_heap.dir/heap_caps_init.c.obj
[540/1491] Building C object esp-idf/log/CMakeFiles/__idf_log.dir/src/log_level/tag_log_level/tag_log_level.c.obj
[541/1491] Building C object esp-idf/hal/CMakeFiles/__idf_hal.dir/hal_utils.c.obj
[542/1491] Building C object esp-idf/heap/CMakeFiles/__idf_heap.dir/multi_heap.c.obj
[543/1491] Building C object esp-idf/heap/CMakeFiles/__idf_heap.dir/heap_caps.c.obj
[544/1491] Building C object esp-idf/log/CMakeFiles/__idf_log.dir/src/log_level/tag_log_level/linked_list/log_linked_list.c.obj
[545/1491] Building C object esp-idf/log/CMakeFiles/__idf_log.dir/src/log_level/tag_log_level/cache/log_binary_heap.c.obj
[546/1491] Building C object esp-idf/hal/CMakeFiles/__idf_hal.dir/mpu_hal.c.obj
[547/1491] Linking C static library esp-idf/esp_security/libesp_security.a
[548/1491] Building C object esp-idf/hal/CMakeFiles/__idf_hal.dir/color_hal.c.obj
[549/1491] Building C object esp-idf/hal/CMakeFiles/__idf_hal.dir/esp32s3/efuse_hal.c.obj
[550/1491] Building C object esp-idf/hal/CMakeFiles/__idf_hal.dir/mmu_hal.c.obj
[551/1491] Building C object esp-idf/hal/CMakeFiles/__idf_hal.dir/efuse_hal.c.obj
[552/1491] Building C object esp-idf/hal/CMakeFiles/__idf_hal.dir/spi_flash_encrypt_hal_iram.c.obj
[553/1491] Building C object esp-idf/hal/CMakeFiles/__idf_hal.dir/systimer_hal.c.obj
[554/1491] Building C object esp-idf/hal/CMakeFiles/__idf_hal.dir/cache_hal.c.obj
[555/1491] Building C object esp-idf/hal/CMakeFiles/__idf_hal.dir/esp32s3/clk_tree_hal.c.obj
[556/1491] Building C object esp-idf/hal/CMakeFiles/__idf_hal.dir/gpio_hal.c.obj
[557/1491] Building C object esp-idf/hal/CMakeFiles/__idf_hal.dir/uart_hal_iram.c.obj
[558/1491] Building C object esp-idf/hal/CMakeFiles/__idf_hal.dir/uart_hal.c.obj
[559/1491] Building C object esp-idf/hal/CMakeFiles/__idf_hal.dir/spi_flash_hal.c.obj
[560/1491] Building C object esp-idf/hal/CMakeFiles/__idf_hal.dir/rtc_io_hal.c.obj
[561/1491] Building C object esp-idf/hal/CMakeFiles/__idf_hal.dir/timer_hal.c.obj
[562/1491] Building C object esp-idf/hal/CMakeFiles/__idf_hal.dir/spi_flash_hal_iram.c.obj
[563/1491] Linking C static library esp-idf/soc/libsoc.a
[564/1491] Building C object esp-idf/hal/CMakeFiles/__idf_hal.dir/ledc_hal.c.obj
[565/1491] Building C object esp-idf/hal/CMakeFiles/__idf_hal.dir/ledc_hal_iram.c.obj
[566/1491] Building C object esp-idf/hal/CMakeFiles/__idf_hal.dir/pcnt_hal.c.obj
[567/1491] Building C object esp-idf/hal/CMakeFiles/__idf_hal.dir/rmt_hal.c.obj
[568/1491] Building C object esp-idf/heap/CMakeFiles/__idf_heap.dir/tlsf/tlsf.c.obj
[569/1491] Building C object esp-idf/hal/CMakeFiles/__idf_hal.dir/i2c_hal_iram.c.obj
[570/1491] Building C object esp-idf/hal/CMakeFiles/__idf_hal.dir/uhci_hal.c.obj
[571/1491] Building C object esp-idf/hal/CMakeFiles/__idf_hal.dir/i2c_hal.c.obj
[572/1491] Building C object esp-idf/hal/CMakeFiles/__idf_hal.dir/gdma_hal_top.c.obj
[573/1491] Building C object esp-idf/hal/CMakeFiles/__idf_hal.dir/mcpwm_hal.c.obj
[574/1491] Building C object esp-idf/hal/CMakeFiles/__idf_hal.dir/sdm_hal.c.obj
[575/1491] Linking C static library esp-idf/heap/libheap.a
[576/1491] Building C object esp-idf/hal/CMakeFiles/__idf_hal.dir/sdmmc_hal.c.obj
[577/1491] Building C object esp-idf/hal/CMakeFiles/__idf_hal.dir/lcd_hal.c.obj
[578/1491] Building C object esp-idf/hal/CMakeFiles/__idf_hal.dir/mpi_hal.c.obj
[579/1491] Building C object esp-idf/hal/CMakeFiles/__idf_hal.dir/twai_hal_v1.c.obj
[580/1491] Building C object esp-idf/hal/CMakeFiles/__idf_hal.dir/gdma_hal_ahb_v1.c.obj
[581/1491] Building C object esp-idf/hal/CMakeFiles/__idf_hal.dir/sha_hal.c.obj
[582/1491] Building C object esp-idf/hal/CMakeFiles/__idf_hal.dir/aes_hal.c.obj
[583/1491] Building C object esp-idf/hal/CMakeFiles/__idf_hal.dir/brownout_hal.c.obj
[584/1491] Building C object esp-idf/hal/CMakeFiles/__idf_hal.dir/adc_hal.c.obj
[585/1491] Building C object esp-idf/hal/CMakeFiles/__idf_hal.dir/spi_hal.c.obj
[586/1491] Building C object esp-idf/hal/CMakeFiles/__idf_hal.dir/adc_oneshot_hal.c.obj
[587/1491] Building C object esp-idf/hal/CMakeFiles/__idf_hal.dir/spi_slave_hal.c.obj
[588/1491] Building C object esp-idf/hal/CMakeFiles/__idf_hal.dir/hmac_hal.c.obj
[589/1491] Building C object esp-idf/hal/CMakeFiles/__idf_hal.dir/adc_hal_common.c.obj
[590/1491] Building C object esp-idf/hal/CMakeFiles/__idf_hal.dir/ds_hal.c.obj
[591/1491] Building C object esp-idf/hal/CMakeFiles/__idf_hal.dir/spi_slave_hal_iram.c.obj
[592/1491] Building C object esp-idf/hal/CMakeFiles/__idf_hal.dir/i2s_hal.c.obj
[593/1491] Building C object esp-idf/hal/CMakeFiles/__idf_hal.dir/cam_hal.c.obj
[594/1491] Building C object esp-idf/hal/CMakeFiles/__idf_hal.dir/spi_flash_hal_gpspi.c.obj
[595/1491] Building C object esp-idf/hal/CMakeFiles/__idf_hal.dir/spi_slave_hd_hal.c.obj
[596/1491] Building C object esp-idf/hal/CMakeFiles/__idf_hal.dir/usb_serial_jtag_hal.c.obj
[597/1491] Building C object esp-idf/hal/CMakeFiles/__idf_hal.dir/spi_hal_iram.c.obj
[598/1491] Building C object esp-idf/hal/CMakeFiles/__idf_hal.dir/usb_wrap_hal.c.obj
[599/1491] Building C object esp-idf/hal/CMakeFiles/__idf_hal.dir/usb_dwc_hal.c.obj
[600/1491] Building C object esp-idf/esp_rom/CMakeFiles/__idf_esp_rom.dir/patches/esp_rom_crc.c.obj
[601/1491] Building C object esp-idf/hal/CMakeFiles/__idf_hal.dir/xt_wdt_hal.c.obj
[602/1491] Building C object esp-idf/hal/CMakeFiles/__idf_hal.dir/touch_sensor_hal.c.obj
[603/1491] Building C object esp-idf/hal/CMakeFiles/__idf_hal.dir/touch_sens_hal.c.obj
[604/1491] Building C object esp-idf/hal/CMakeFiles/__idf_hal.dir/esp32s3/touch_sensor_hal.c.obj
[605/1491] Building C object esp-idf/esp_rom/CMakeFiles/__idf_esp_rom.dir/patches/esp_rom_sys.c.obj
[606/1491] Building C object esp-idf/esp_rom/CMakeFiles/__idf_esp_rom.dir/patches/esp_rom_print.c.obj
[607/1491] Building C object esp-idf/esp_rom/CMakeFiles/__idf_esp_rom.dir/patches/esp_rom_uart.c.obj
[608/1491] Building C object esp-idf/hal/CMakeFiles/__idf_hal.dir/esp32s3/rtc_cntl_hal.c.obj
[609/1491] Building ASM object esp-idf/esp_rom/CMakeFiles/__idf_esp_rom.dir/patches/esp_rom_longjmp.S.obj
[610/1491] Linking C static library esp-idf/log/liblog.a
[611/1491] Building ASM object esp-idf/esp_rom/CMakeFiles/__idf_esp_rom.dir/patches/esp_rom_cache_writeback_esp32s3.S.obj
[612/1491] Building C object esp-idf/esp_rom/CMakeFiles/__idf_esp_rom.dir/patches/esp_rom_gpio.c.obj
[613/1491] Building C object esp-idf/esp_rom/CMakeFiles/__idf_esp_rom.dir/patches/esp_rom_efuse.c.obj
[614/1491] Building C object esp-idf/esp_rom/CMakeFiles/__idf_esp_rom.dir/patches/esp_rom_spiflash.c.obj
[615/1491] Building C object esp-idf/esp_rom/CMakeFiles/__idf_esp_rom.dir/patches/esp_rom_systimer.c.obj
[616/1491] Building C object esp-idf/esp_rom/CMakeFiles/__idf_esp_rom.dir/patches/esp_rom_wdt.c.obj
[617/1491] Building C object esp-idf/esp_rom/CMakeFiles/__idf_esp_rom.dir/patches/esp_rom_cache_esp32s2_esp32s3.c.obj
[618/1491] Building C object esp-idf/esp_system/CMakeFiles/__idf_esp_system.dir/esp_system_console.c.obj
[619/1491] Building C object esp-idf/esp_system/CMakeFiles/__idf_esp_system.dir/esp_err.c.obj
[620/1491] Building C object esp-idf/esp_system/CMakeFiles/__idf_esp_system.dir/crosscore_int.c.obj
[621/1491] Building C object esp-idf/esp_system/CMakeFiles/__idf_esp_system.dir/freertos_hooks.c.obj
[622/1491] Building C object esp-idf/esp_system/CMakeFiles/__idf_esp_system.dir/esp_ipc.c.obj
[623/1491] Building C object esp-idf/esp_system/CMakeFiles/__idf_esp_system.dir/esp_system.c.obj
[624/1491] Building C object esp-idf/esp_system/CMakeFiles/__idf_esp_system.dir/startup.c.obj
[625/1491] Building C object esp-idf/esp_system/CMakeFiles/__idf_esp_system.dir/stack_check.c.obj
[626/1491] Building C object esp-idf/esp_system/CMakeFiles/__idf_esp_system.dir/system_time.c.obj
[627/1491] Building C object esp-idf/esp_system/CMakeFiles/__idf_esp_system.dir/int_wdt.c.obj
[628/1491] Building C object esp-idf/esp_system/CMakeFiles/__idf_esp_system.dir/ubsan.c.obj
[629/1491] Building C object esp-idf/esp_system/CMakeFiles/__idf_esp_system.dir/panic.c.obj
[630/1491] Linking C static library esp-idf/hal/libhal.a
[631/1491] Building C object esp-idf/esp_system/CMakeFiles/__idf_esp_system.dir/xt_wdt.c.obj
[632/1491] Building C object esp-idf/esp_system/CMakeFiles/__idf_esp_system.dir/port/panic_handler.c.obj
[633/1491] Building C object esp-idf/esp_system/CMakeFiles/__idf_esp_system.dir/startup_funcs.c.obj
[634/1491] Building C object esp-idf/esp_system/CMakeFiles/__idf_esp_system.dir/port/arch/xtensa/esp_ipc_isr_port.c.obj
[635/1491] Building ASM object esp-idf/esp_system/CMakeFiles/__idf_esp_system.dir/port/arch/xtensa/esp_ipc_isr_handler.S.obj
[636/1491] Linking C static library esp-idf/esp_rom/libesp_rom.a
[637/1491] Building C object esp-idf/esp_system/CMakeFiles/__idf_esp_system.dir/port/image_process.c.obj
[638/1491] Building ASM object esp-idf/esp_system/CMakeFiles/__idf_esp_system.dir/port/arch/xtensa/esp_ipc_isr_routines.S.obj
[639/1491] Building C object esp-idf/esp_system/CMakeFiles/__idf_esp_system.dir/port/esp_ipc_isr.c.obj
[640/1491] Building ASM object esp-idf/esp_system/CMakeFiles/__idf_esp_system.dir/port/arch/xtensa/panic_handler_asm.S.obj
[641/1491] Building C object esp-idf/esp_system/CMakeFiles/__idf_esp_system.dir/port/esp_system_chip.c.obj
[642/1491] Building C object esp-idf/esp_system/CMakeFiles/__idf_esp_system.dir/task_wdt/task_wdt_impl_timergroup.c.obj
[643/1491] Building ASM object esp-idf/esp_system/CMakeFiles/__idf_esp_system.dir/port/arch/xtensa/expression_with_stack_asm.S.obj
[644/1491] Building ASM object esp-idf/esp_system/CMakeFiles/__idf_esp_system.dir/port/arch/xtensa/debug_helpers_asm.S.obj
[645/1491] Building ASM object esp-idf/esp_system/CMakeFiles/__idf_esp_system.dir/port/soc/esp32s3/highint_hdl.S.obj
[646/1491] Building C object esp-idf/esp_system/CMakeFiles/__idf_esp_system.dir/port/arch/xtensa/expression_with_stack.c.obj
[647/1491] Building C object esp-idf/esp_system/CMakeFiles/__idf_esp_system.dir/task_wdt/task_wdt.c.obj
[648/1491] Building C object esp-idf/esp_system/CMakeFiles/__idf_esp_system.dir/port/arch/xtensa/debug_stubs.c.obj
[649/1491] Building C object esp-idf/esp_system/CMakeFiles/__idf_esp_system.dir/port/arch/xtensa/panic_arch.c.obj
[650/1491] Building C object esp-idf/esp_system/CMakeFiles/__idf_esp_system.dir/port/cpu_start.c.obj
[651/1491] Building C object esp-idf/esp_system/CMakeFiles/__idf_esp_system.dir/port/arch/xtensa/trax.c.obj
[652/1491] Building C object esp-idf/esp_system/CMakeFiles/__idf_esp_system.dir/port/soc/esp32s3/reset_reason.c.obj
[653/1491] Building C object esp-idf/esp_system/CMakeFiles/__idf_esp_system.dir/port/arch/xtensa/debug_helpers.c.obj
[654/1491] Building C object esp-idf/spi_flash/CMakeFiles/__idf_spi_flash.dir/flash_brownout_hook.c.obj
[655/1491] Building C object esp-idf/esp_common/CMakeFiles/__idf_esp_common.dir/src/esp_err_to_name.c.obj
[656/1491] Building C object esp-idf/esp_system/CMakeFiles/__idf_esp_system.dir/port/soc/esp32s3/clk.c.obj
[657/1491] Building C object esp-idf/esp_system/CMakeFiles/__idf_esp_system.dir/port/soc/esp32s3/system_internal.c.obj
[658/1491] Building C object esp-idf/esp_system/CMakeFiles/__idf_esp_system.dir/port/soc/esp32s3/cache_err_int.c.obj
[659/1491] Building C object esp-idf/spi_flash/CMakeFiles/__idf_spi_flash.dir/spi_flash_chip_drivers.c.obj
[660/1491] Building C object esp-idf/esp_system/CMakeFiles/__idf_esp_system.dir/port/soc/esp32s3/apb_backup_dma.c.obj
[661/1491] Building C object esp-idf/spi_flash/CMakeFiles/__idf_spi_flash.dir/spi_flash_hpm_enable.c.obj
[662/1491] Building C object esp-idf/spi_flash/CMakeFiles/__idf_spi_flash.dir/spi_flash_chip_issi.c.obj
[663/1491] Building C object esp-idf/spi_flash/CMakeFiles/__idf_spi_flash.dir/esp32s3/spi_flash_oct_flash_init.c.obj
[664/1491] Linking C static library esp-idf/esp_common/libesp_common.a
[665/1491] Building C object esp-idf/spi_flash/CMakeFiles/__idf_spi_flash.dir/spi_flash_chip_mxic.c.obj
[666/1491] Building C object esp-idf/spi_flash/CMakeFiles/__idf_spi_flash.dir/spi_flash_chip_gd.c.obj
[667/1491] Building C object esp-idf/spi_flash/CMakeFiles/__idf_spi_flash.dir/spi_flash_chip_boya.c.obj
[668/1491] Building C object esp-idf/spi_flash/CMakeFiles/__idf_spi_flash.dir/spi_flash_chip_generic.c.obj
[669/1491] Building C object esp-idf/spi_flash/CMakeFiles/__idf_spi_flash.dir/spi_flash_chip_th.c.obj
[670/1491] Building C object esp-idf/spi_flash/CMakeFiles/__idf_spi_flash.dir/spi_flash_chip_winbond.c.obj
[671/1491] Building C object esp-idf/spi_flash/CMakeFiles/__idf_spi_flash.dir/spi_flash_chip_mxic_opi.c.obj
[672/1491] Building C object esp-idf/spi_flash/CMakeFiles/__idf_spi_flash.dir/memspi_host_driver.c.obj
[673/1491] Building C object esp-idf/spi_flash/CMakeFiles/__idf_spi_flash.dir/spi_flash_wrap.c.obj
[674/1491] Building C object esp-idf/spi_flash/CMakeFiles/__idf_spi_flash.dir/flash_mmap.c.obj
[675/1491] Building C object esp-idf/spi_flash/CMakeFiles/__idf_spi_flash.dir/spi_flash_os_func_noos.c.obj
[676/1491] Building C object esp-idf/spi_flash/CMakeFiles/__idf_spi_flash.dir/cache_utils.c.obj
[677/1491] Building C object esp-idf/esp_mm/CMakeFiles/__idf_esp_mm.dir/port/esp32s3/ext_mem_layout.c.obj
[678/1491] Building C object esp-idf/spi_flash/CMakeFiles/__idf_spi_flash.dir/flash_ops.c.obj
[679/1491] Building C object esp-idf/spi_flash/CMakeFiles/__idf_spi_flash.dir/spi_flash_os_func_app.c.obj
[680/1491] Linking C static library esp-idf/esp_system/libesp_system.a
[681/1491] Building C object esp-idf/esp_mm/CMakeFiles/__idf_esp_mm.dir/heap_align_hw.c.obj
[682/1491] Building C object esp-idf/spi_flash/CMakeFiles/__idf_spi_flash.dir/esp_flash_spi_init.c.obj
[683/1491] Building C object esp-idf/esp_mm/CMakeFiles/__idf_esp_mm.dir/esp_mmu_map.c.obj
[684/1491] Building C object esp-idf/esp_mm/CMakeFiles/__idf_esp_mm.dir/esp_cache_utils.c.obj
[685/1491] Building C object esp-idf/bootloader_support/CMakeFiles/__idf_bootloader_support.dir/src/bootloader_mem.c.obj
[686/1491] Building C object esp-idf/bootloader_support/CMakeFiles/__idf_bootloader_support.dir/src/bootloader_clock_init.c.obj
[687/1491] Building C object esp-idf/spi_flash/CMakeFiles/__idf_spi_flash.dir/esp_flash_api.c.obj
[688/1491] Building C object esp-idf/esp_mm/CMakeFiles/__idf_esp_mm.dir/esp_cache_msync.c.obj
[689/1491] Building C object esp-idf/bootloader_support/CMakeFiles/__idf_bootloader_support.dir/src/bootloader_common.c.obj
[690/1491] Building C object esp-idf/bootloader_support/CMakeFiles/__idf_bootloader_support.dir/src/bootloader_common_loader.c.obj
[691/1491] Building C object esp-idf/bootloader_support/CMakeFiles/__idf_bootloader_support.dir/src/bootloader_efuse.c.obj
[692/1491] Building C object esp-idf/bootloader_support/CMakeFiles/__idf_bootloader_support.dir/src/bootloader_random.c.obj
[693/1491] Building C object esp-idf/bootloader_support/CMakeFiles/__idf_bootloader_support.dir/src/flash_encrypt.c.obj
[694/1491] Building C object esp-idf/bootloader_support/CMakeFiles/__idf_bootloader_support.dir/src/secure_boot.c.obj
[695/1491] Linking C static library esp-idf/spi_flash/libspi_flash.a
[696/1491] Building C object esp-idf/bootloader_support/CMakeFiles/__idf_bootloader_support.dir/src/bootloader_random_esp32s3.c.obj
[697/1491] Building C object esp-idf/bootloader_support/CMakeFiles/__idf_bootloader_support.dir/src/flash_partitions.c.obj
[698/1491] Building C object esp-idf/bootloader_support/CMakeFiles/__idf_bootloader_support.dir/src/esp32s3/secure_boot_secure_features.c.obj
[699/1491] Building C object esp-idf/bootloader_support/CMakeFiles/__idf_bootloader_support.dir/bootloader_flash/src/bootloader_flash_config_esp32s3.c.obj
[700/1491] Building C object esp-idf/bootloader_support/CMakeFiles/__idf_bootloader_support.dir/src/bootloader_sha.c.obj
[701/1491] Building C object esp-idf/bootloader_support/CMakeFiles/__idf_bootloader_support.dir/bootloader_flash/src/flash_qio_mode.c.obj
[702/1491] Building C object esp-idf/efuse/CMakeFiles/__idf_efuse.dir/esp32s3/esp_efuse_table.c.obj
[703/1491] Building C object esp-idf/bootloader_support/CMakeFiles/__idf_bootloader_support.dir/bootloader_flash/src/bootloader_flash.c.obj
[704/1491] Building C object esp-idf/efuse/CMakeFiles/__idf_efuse.dir/esp32s3/esp_efuse_fields.c.obj
[705/1491] Linking C static library esp-idf/esp_mm/libesp_mm.a
[706/1491] Building C object esp-idf/bootloader_support/CMakeFiles/__idf_bootloader_support.dir/src/esp_image_format.c.obj
[707/1491] Building C object esp-idf/efuse/CMakeFiles/__idf_efuse.dir/esp32s3/esp_efuse_rtc_calib.c.obj
[708/1491] Building C object esp-idf/efuse/CMakeFiles/__idf_efuse.dir/esp32s3/esp_efuse_utility.c.obj
[709/1491] Building C object esp-idf/efuse/CMakeFiles/__idf_efuse.dir/src/esp_efuse_fields.c.obj
[710/1491] Building C object esp-idf/bootloader_support/CMakeFiles/__idf_bootloader_support.dir/src/bootloader_utility.c.obj
[711/1491] Building C object esp-idf/esp_bootloader_format/CMakeFiles/__idf_esp_bootloader_format.dir/esp_bootloader_desc.c.obj
[712/1491] Building C object esp-idf/app_update/CMakeFiles/__idf_app_update.dir/esp_ota_app_desc.c.obj
[713/1491] Building C object esp-idf/mbedtls/mbedtls/library/CMakeFiles/mbedtls.dir/debug.c.obj
[714/1491] Building C object esp-idf/efuse/CMakeFiles/__idf_efuse.dir/src/efuse_controller/keys/with_key_purposes/esp_efuse_api_key.c.obj
[715/1491] Building C object esp-idf/efuse/CMakeFiles/__idf_efuse.dir/src/esp_efuse_startup.c.obj
[716/1491] Building C object esp-idf/esp_app_format/CMakeFiles/__idf_esp_app_format.dir/esp_app_desc.c.obj
[717/1491] Building C object esp-idf/esp_partition/CMakeFiles/__idf_esp_partition.dir/partition_target.c.obj
[718/1491] Building C object esp-idf/efuse/CMakeFiles/__idf_efuse.dir/src/esp_efuse_utility.c.obj
[719/1491] Building C object esp-idf/efuse/CMakeFiles/__idf_efuse.dir/src/esp_efuse_api.c.obj
[720/1491] Building C object esp-idf/mbedtls/mbedtls/library/CMakeFiles/mbedtls.dir/mps_reader.c.obj
[721/1491] Building C object esp-idf/esp_partition/CMakeFiles/__idf_esp_partition.dir/partition.c.obj
[722/1491] Building C object esp-idf/mbedtls/mbedtls/library/CMakeFiles/mbedtls.dir/mps_trace.c.obj
[723/1491] Linking C static library esp-idf/bootloader_support/libbootloader_support.a
[724/1491] Building C object esp-idf/app_update/CMakeFiles/__idf_app_update.dir/esp_ota_ops.c.obj
[725/1491] Building C object esp-idf/mbedtls/mbedtls/library/CMakeFiles/mbedtls.dir/ssl_cache.c.obj
[726/1491] Building C object esp-idf/mbedtls/mbedtls/library/CMakeFiles/mbedtls.dir/ssl_debug_helpers_generated.c.obj
[727/1491] Building C object esp-idf/mbedtls/mbedtls/library/CMakeFiles/mbedtls.dir/ssl_ciphersuites.c.obj
[728/1491] Linking C static library esp-idf/efuse/libefuse.a
[729/1491] Building C object esp-idf/mbedtls/mbedtls/library/CMakeFiles/mbedtls.dir/ssl_tls13_keys.c.obj
[730/1491] Building C object esp-idf/mbedtls/mbedtls/library/CMakeFiles/mbedtls.dir/ssl_cookie.c.obj
[731/1491] Building C object esp-idf/mbedtls/mbedtls/library/CMakeFiles/mbedtls.dir/ssl_tls13_server.c.obj
[732/1491] Building C object esp-idf/mbedtls/mbedtls/library/CMakeFiles/mbedtls.dir/ssl_tls13_client.c.obj
[733/1491] Building C object esp-idf/mbedtls/mbedtls/library/CMakeFiles/mbedtls.dir/ssl_tls13_generic.c.obj
[734/1491] Linking C static library esp-idf/esp_partition/libesp_partition.a
[735/1491] Building C object esp-idf/mbedtls/mbedtls/library/CMakeFiles/mbedtls.dir/ssl_ticket.c.obj
[736/1491] Building C object esp-idf/mbedtls/mbedtls/library/CMakeFiles/mbedtls.dir/ssl_client.c.obj
[737/1491] Building C object esp-idf/mbedtls/mbedtls/library/CMakeFiles/mbedtls.dir/Users/kafka/esp/esp-idf-v5.5.5/components/mbedtls/port/esp_platform_time.c.obj
[738/1491] Linking C static library esp-idf/app_update/libapp_update.a
[739/1491] Building C object esp-idf/mbedtls/mbedtls/library/CMakeFiles/mbedtls.dir/Users/kafka/esp/esp-idf-v5.5.5/components/mbedtls/port/mbedtls_debug.c.obj
[740/1491] Linking C static library esp-idf/esp_bootloader_format/libesp_bootloader_format.a
[741/1491] Building C object esp-idf/mbedtls/mbedtls/library/CMakeFiles/mbedx509.dir/x509_create.c.obj
[742/1491] Linking C static library esp-idf/esp_app_format/libesp_app_format.a
[743/1491] Building C object esp-idf/mbedtls/mbedtls/library/CMakeFiles/mbedx509.dir/x509_crl.c.obj
[744/1491] Building C object esp-idf/mbedtls/mbedtls/library/CMakeFiles/mbedx509.dir/pkcs7.c.obj
[745/1491] Building C object esp-idf/mbedtls/mbedtls/library/CMakeFiles/mbedtls.dir/ssl_tls12_client.c.obj
[746/1491] Building C object esp-idf/mbedtls/mbedtls/library/CMakeFiles/mbedx509.dir/x509_csr.c.obj
[747/1491] Building C object esp-idf/mbedtls/mbedtls/library/CMakeFiles/mbedtls.dir/Users/kafka/esp/esp-idf-v5.5.5/components/mbedtls/port/net_sockets.c.obj
[748/1491] Building C object esp-idf/mbedtls/mbedtls/library/CMakeFiles/mbedtls.dir/ssl_msg.c.obj
[749/1491] Building C object esp-idf/mbedtls/mbedtls/library/CMakeFiles/mbedtls.dir/ssl_tls12_server.c.obj
[750/1491] Building C object esp-idf/mbedtls/mbedtls/library/CMakeFiles/mbedx509.dir/x509write.c.obj
[751/1491] Building C object esp-idf/mbedtls/mbedtls/library/CMakeFiles/mbedx509.dir/x509.c.obj
[752/1491] Building C object esp-idf/mbedtls/mbedtls/library/CMakeFiles/mbedcrypto.dir/aesni.c.obj
[753/1491] Building C object esp-idf/mbedtls/mbedtls/library/CMakeFiles/mbedcrypto.dir/aesce.c.obj
[754/1491] Building C object esp-idf/mbedtls/mbedtls/library/CMakeFiles/mbedx509.dir/x509write_crt.c.obj
[755/1491] Building C object esp-idf/mbedtls/mbedtls/library/CMakeFiles/mbedcrypto.dir/aes.c.obj
[756/1491] Building C object esp-idf/mbedtls/mbedtls/library/CMakeFiles/mbedx509.dir/x509write_csr.c.obj
[757/1491] Building C object esp-idf/mbedtls/mbedtls/library/CMakeFiles/mbedx509.dir/x509_crt.c.obj
[758/1491] Building C object esp-idf/mbedtls/mbedtls/library/CMakeFiles/mbedcrypto.dir/bignum_mod.c.obj
[759/1491] Building C object esp-idf/mbedtls/mbedtls/library/CMakeFiles/mbedcrypto.dir/block_cipher.c.obj
[760/1491] Building C object esp-idf/mbedtls/mbedtls/library/CMakeFiles/mbedcrypto.dir/bignum_mod_raw.c.obj
[761/1491] Building C object esp-idf/mbedtls/mbedtls/library/CMakeFiles/mbedtls.dir/ssl_tls.c.obj
[762/1491] Building C object esp-idf/mbedtls/mbedtls/library/CMakeFiles/mbedcrypto.dir/asn1parse.c.obj
[763/1491] Building C object esp-idf/mbedtls/mbedtls/library/CMakeFiles/mbedcrypto.dir/camellia.c.obj
[764/1491] Building C object esp-idf/mbedtls/mbedtls/library/CMakeFiles/mbedcrypto.dir/asn1write.c.obj
[765/1491] Building C object esp-idf/mbedtls/mbedtls/library/CMakeFiles/mbedcrypto.dir/base64.c.obj
[766/1491] Building C object esp-idf/mbedtls/mbedtls/library/CMakeFiles/mbedcrypto.dir/aria.c.obj
[767/1491] Building C object esp-idf/mbedtls/mbedtls/library/CMakeFiles/mbedcrypto.dir/chacha20.c.obj
[768/1491] Building C object esp-idf/mbedtls/mbedtls/library/CMakeFiles/mbedcrypto.dir/bignum_core.c.obj
[769/1491] Building C object esp-idf/mbedtls/mbedtls/library/CMakeFiles/mbedcrypto.dir/chachapoly.c.obj
[770/1491] Building C object esp-idf/mbedtls/mbedtls/library/CMakeFiles/mbedcrypto.dir/ccm.c.obj
[771/1491] Building C object esp-idf/mbedtls/mbedtls/library/CMakeFiles/mbedcrypto.dir/constant_time.c.obj
[772/1491] Building C object esp-idf/mbedtls/mbedtls/library/CMakeFiles/mbedcrypto.dir/des.c.obj
[773/1491] Building C object esp-idf/mbedtls/mbedtls/library/CMakeFiles/mbedcrypto.dir/cipher_wrap.c.obj
[774/1491] Building C object esp-idf/mbedtls/mbedtls/library/CMakeFiles/mbedcrypto.dir/bignum.c.obj
[775/1491] Building C object esp-idf/mbedtls/mbedtls/library/CMakeFiles/mbedcrypto.dir/dhm.c.obj
[776/1491] Linking CXX static library esp-idf/mbedtls/mbedtls/library/libmbedtls.a
[777/1491] Building C object esp-idf/mbedtls/mbedtls/library/CMakeFiles/mbedcrypto.dir/ecjpake.c.obj
[778/1491] Building C object esp-idf/mbedtls/mbedtls/library/CMakeFiles/mbedcrypto.dir/ctr_drbg.c.obj
[779/1491] Building C object esp-idf/mbedtls/mbedtls/library/CMakeFiles/mbedcrypto.dir/cipher.c.obj
[780/1491] Building C object esp-idf/mbedtls/mbedtls/library/CMakeFiles/mbedcrypto.dir/ecp_curves_new.c.obj
[781/1491] Building C object esp-idf/mbedtls/mbedtls/library/CMakeFiles/mbedcrypto.dir/cmac.c.obj
[782/1491] Building C object esp-idf/mbedtls/mbedtls/library/CMakeFiles/mbedcrypto.dir/ecdh.c.obj
[783/1491] Building C object esp-idf/mbedtls/mbedtls/library/CMakeFiles/mbedcrypto.dir/entropy_poll.c.obj
[784/1491] Building C object esp-idf/mbedtls/mbedtls/library/CMakeFiles/mbedcrypto.dir/hkdf.c.obj
[785/1491] Building C object esp-idf/mbedtls/mbedtls/library/CMakeFiles/mbedcrypto.dir/ecdsa.c.obj
[786/1491] Building C object esp-idf/mbedtls/mbedtls/library/CMakeFiles/mbedcrypto.dir/memory_buffer_alloc.c.obj
[787/1491] Building C object esp-idf/mbedtls/mbedtls/library/CMakeFiles/mbedcrypto.dir/entropy.c.obj
[788/1491] Building C object esp-idf/mbedtls/mbedtls/library/CMakeFiles/mbedcrypto.dir/nist_kw.c.obj
[789/1491] Building C object esp-idf/mbedtls/mbedtls/library/CMakeFiles/mbedcrypto.dir/md5.c.obj
[790/1491] Building C object esp-idf/mbedtls/mbedtls/library/CMakeFiles/mbedcrypto.dir/hmac_drbg.c.obj
[791/1491] Building C object esp-idf/mbedtls/mbedtls/library/CMakeFiles/mbedcrypto.dir/error.c.obj
[792/1491] Building C object esp-idf/mbedtls/mbedtls/library/CMakeFiles/mbedcrypto.dir/padlock.c.obj
[793/1491] Building C object esp-idf/mbedtls/mbedtls/library/CMakeFiles/mbedcrypto.dir/lmots.c.obj
[794/1491] Building C object esp-idf/mbedtls/mbedtls/library/CMakeFiles/mbedcrypto.dir/pem.c.obj
[795/1491] Building C object esp-idf/mbedtls/mbedtls/library/CMakeFiles/mbedcrypto.dir/lms.c.obj
[796/1491] Building C object esp-idf/mbedtls/mbedtls/library/CMakeFiles/mbedcrypto.dir/md.c.obj
[797/1491] Building C object esp-idf/mbedtls/mbedtls/library/CMakeFiles/mbedcrypto.dir/pk_ecc.c.obj
[798/1491] Building C object esp-idf/mbedtls/mbedtls/library/CMakeFiles/mbedcrypto.dir/platform.c.obj
[799/1491] Building C object esp-idf/mbedtls/mbedtls/library/CMakeFiles/mbedcrypto.dir/pkcs12.c.obj
[800/1491] Building C object esp-idf/mbedtls/mbedtls/library/CMakeFiles/mbedcrypto.dir/ecp_curves.c.obj
[801/1491] Building C object esp-idf/mbedtls/mbedtls/library/CMakeFiles/mbedcrypto.dir/gcm.c.obj
[802/1491] Building C object esp-idf/mbedtls/mbedtls/library/CMakeFiles/mbedcrypto.dir/platform_util.c.obj
[803/1491] Building C object esp-idf/mbedtls/mbedtls/library/CMakeFiles/mbedcrypto.dir/pkwrite.c.obj
[804/1491] Building C object esp-idf/mbedtls/mbedtls/library/CMakeFiles/mbedcrypto.dir/pkcs5.c.obj
[805/1491] Building C object esp-idf/mbedtls/mbedtls/library/CMakeFiles/mbedcrypto.dir/poly1305.c.obj
[806/1491] Building C object esp-idf/mbedtls/mbedtls/library/CMakeFiles/mbedcrypto.dir/pk_wrap.c.obj
[807/1491] Building C object esp-idf/mbedtls/mbedtls/library/CMakeFiles/mbedcrypto.dir/oid.c.obj
[808/1491] Building C object esp-idf/mbedtls/mbedtls/library/CMakeFiles/mbedcrypto.dir/psa_crypto_client.c.obj
[809/1491] Building C object esp-idf/mbedtls/mbedtls/library/CMakeFiles/mbedcrypto.dir/psa_crypto_cipher.c.obj
[810/1491] Building C object esp-idf/mbedtls/mbedtls/library/CMakeFiles/mbedcrypto.dir/pk.c.obj
[811/1491] Building C object esp-idf/mbedtls/mbedtls/library/CMakeFiles/mbedcrypto.dir/psa_crypto_driver_wrappers_no_static.c.obj
[812/1491] Building C object esp-idf/mbedtls/mbedtls/library/CMakeFiles/mbedcrypto.dir/psa_crypto_mac.c.obj
[813/1491] Building C object esp-idf/mbedtls/mbedtls/library/CMakeFiles/mbedcrypto.dir/psa_crypto_ffdh.c.obj
[814/1491] Building C object esp-idf/mbedtls/mbedtls/library/CMakeFiles/mbedcrypto.dir/psa_crypto_aead.c.obj
[815/1491] Building C object esp-idf/mbedtls/mbedtls/library/CMakeFiles/mbedcrypto.dir/ecp.c.obj
[816/1491] Building C object esp-idf/mbedtls/mbedtls/library/CMakeFiles/mbedcrypto.dir/pkparse.c.obj
[817/1491] Building C object esp-idf/mbedtls/mbedtls/library/CMakeFiles/mbedcrypto.dir/psa_crypto_hash.c.obj
[818/1491] Building C object esp-idf/mbedtls/mbedtls/library/CMakeFiles/mbedcrypto.dir/psa_crypto_se.c.obj
[819/1491] Building C object esp-idf/mbedtls/mbedtls/library/CMakeFiles/mbedcrypto.dir/psa_crypto_ecp.c.obj
[820/1491] Building C object esp-idf/mbedtls/mbedtls/library/CMakeFiles/mbedcrypto.dir/psa_crypto_pake.c.obj
[821/1491] Building C object esp-idf/mbedtls/mbedtls/library/CMakeFiles/mbedcrypto.dir/psa_crypto_random.c.obj
[822/1491] Building C object esp-idf/mbedtls/mbedtls/library/CMakeFiles/mbedcrypto.dir/psa_crypto_rsa.c.obj
[823/1491] Building C object esp-idf/mbedtls/mbedtls/library/CMakeFiles/mbedcrypto.dir/ripemd160.c.obj
[824/1491] Building C object esp-idf/mbedtls/mbedtls/library/CMakeFiles/mbedcrypto.dir/psa_its_file.c.obj
[825/1491] Building C object esp-idf/mbedtls/mbedtls/library/CMakeFiles/mbedcrypto.dir/psa_crypto_storage.c.obj
[826/1491] Building C object esp-idf/mbedtls/mbedtls/library/CMakeFiles/mbedcrypto.dir/psa_util.c.obj
[827/1491] Building C object esp-idf/mbedtls/mbedtls/library/CMakeFiles/mbedcrypto.dir/psa_crypto_slot_management.c.obj
[828/1491] Building C object esp-idf/mbedtls/mbedtls/library/CMakeFiles/mbedcrypto.dir/rsa_alt_helpers.c.obj
[829/1491] Building C object esp-idf/mbedtls/mbedtls/library/CMakeFiles/mbedcrypto.dir/sha256.c.obj
[830/1491] Building C object esp-idf/mbedtls/mbedtls/library/CMakeFiles/mbedcrypto.dir/sha1.c.obj
[831/1491] Building C object esp-idf/mbedtls/mbedtls/library/CMakeFiles/mbedcrypto.dir/sha512.c.obj
[832/1491] Building C object esp-idf/mbedtls/mbedtls/library/CMakeFiles/mbedcrypto.dir/sha3.c.obj
[833/1491] Building C object esp-idf/mbedtls/mbedtls/library/CMakeFiles/mbedcrypto.dir/timing.c.obj
[834/1491] Building C object esp-idf/mbedtls/mbedtls/library/CMakeFiles/mbedcrypto.dir/threading.c.obj
[835/1491] Building C object esp-idf/mbedtls/mbedtls/library/CMakeFiles/mbedcrypto.dir/version_features.c.obj
[836/1491] Building C object esp-idf/mbedtls/mbedtls/library/CMakeFiles/mbedcrypto.dir/version.c.obj
[837/1491] Building C object esp-idf/mbedtls/mbedtls/library/CMakeFiles/mbedcrypto.dir/Users/kafka/esp/esp-idf-v5.5.5/components/mbedtls/port/aes/dma/esp_aes_gdma_impl.c.obj
[838/1491] Building C object esp-idf/mbedtls/mbedtls/library/CMakeFiles/mbedcrypto.dir/Users/kafka/esp/esp-idf-v5.5.5/components/mbedtls/port/sha/core/esp_sha_gdma_impl.c.obj
[839/1491] Building C object esp-idf/mbedtls/mbedtls/library/CMakeFiles/mbedcrypto.dir/Users/kafka/esp/esp-idf-v5.5.5/components/mbedtls/port/esp_hardware.c.obj
[840/1491] Building C object esp-idf/mbedtls/mbedtls/library/CMakeFiles/mbedcrypto.dir/Users/kafka/esp/esp-idf-v5.5.5/components/mbedtls/port/esp_mem.c.obj
[841/1491] Building C object esp-idf/mbedtls/mbedtls/library/CMakeFiles/mbedcrypto.dir/Users/kafka/esp/esp-idf-v5.5.5/components/mbedtls/port/esp_timing.c.obj
[842/1491] Building C object esp-idf/mbedtls/mbedtls/library/CMakeFiles/mbedcrypto.dir/Users/kafka/esp/esp-idf-v5.5.5/components/mbedtls/port/aes/esp_aes_xts.c.obj
[843/1491] Building C object esp-idf/mbedtls/mbedtls/library/CMakeFiles/mbedcrypto.dir/Users/kafka/esp/esp-idf-v5.5.5/components/mbedtls/port/aes/esp_aes_common.c.obj
[844/1491] Building C object esp-idf/mbedtls/mbedtls/library/CMakeFiles/mbedcrypto.dir/Users/kafka/esp/esp-idf-v5.5.5/components/mbedtls/port/sha/esp_sha.c.obj
[845/1491] Building C object esp-idf/mbedtls/mbedtls/library/CMakeFiles/mbedcrypto.dir/Users/kafka/esp/esp-idf-v5.5.5/components/mbedtls/port/crypto_shared_gdma/esp_crypto_shared_gdma.c.obj
[846/1491] Building C object esp-idf/mbedtls/mbedtls/library/CMakeFiles/mbedcrypto.dir/Users/kafka/esp/esp-idf-v5.5.5/components/mbedtls/port/esp_ds/esp_rsa_dec_alt.c.obj
[847/1491] Building C object esp-idf/mbedtls/mbedtls/library/CMakeFiles/mbedcrypto.dir/Users/kafka/esp/esp-idf-v5.5.5/components/mbedtls/port/aes/dma/esp_aes.c.obj
[848/1491] Building C object esp-idf/mbedtls/mbedtls/library/CMakeFiles/mbedcrypto.dir/Users/kafka/esp/esp-idf-v5.5.5/components/mbedtls/port/esp_hmac_pbkdf2.c.obj
[849/1491] Building C object esp-idf/mbedtls/mbedtls/library/CMakeFiles/mbedcrypto.dir/Users/kafka/esp/esp-idf-v5.5.5/components/mbedtls/port/bignum/bignum_alt.c.obj
[850/1491] Building C object esp-idf/mbedtls/mbedtls/library/CMakeFiles/mbedcrypto.dir/Users/kafka/esp/esp-idf-v5.5.5/components/mbedtls/port/esp_ds/esp_rsa_sign_alt.c.obj
[851/1491] Building C object esp-idf/mbedtls/mbedtls/library/CMakeFiles/mbedcrypto.dir/Users/kafka/esp/esp-idf-v5.5.5/components/mbedtls/port/sha/core/sha.c.obj
[852/1491] Building C object esp-idf/mbedtls/mbedtls/library/CMakeFiles/mbedcrypto.dir/Users/kafka/esp/esp-idf-v5.5.5/components/mbedtls/port/esp_ds/esp_ds_common.c.obj
[853/1491] Building C object esp-idf/mbedtls/mbedtls/library/CMakeFiles/mbedcrypto.dir/Users/kafka/esp/esp-idf-v5.5.5/components/mbedtls/port/sha/core/esp_sha1.c.obj
[854/1491] Building C object esp-idf/mbedtls/mbedtls/library/CMakeFiles/mbedcrypto.dir/Users/kafka/esp/esp-idf-v5.5.5/components/mbedtls/port/aes/dma/esp_aes_dma_core.c.obj
[855/1491] Building C object esp-idf/mbedtls/mbedtls/library/CMakeFiles/mbedcrypto.dir/Users/kafka/esp/esp-idf-v5.5.5/components/mbedtls/port/sha/core/esp_sha256.c.obj
[856/1491] Building C object esp-idf/mbedtls/mbedtls/library/CMakeFiles/mbedcrypto.dir/Users/kafka/esp/esp-idf-v5.5.5/components/mbedtls/port/bignum/esp_bignum.c.obj
[857/1491] Building C object esp-idf/mbedtls/mbedtls/library/CMakeFiles/mbedcrypto.dir/Users/kafka/esp/esp-idf-v5.5.5/components/mbedtls/port/md/esp_md.c.obj
[858/1491] Building C object esp-idf/mbedtls/mbedtls/library/CMakeFiles/mbedcrypto.dir/Users/kafka/esp/esp-idf-v5.5.5/components/mbedtls/port/sha/core/esp_sha512.c.obj
[859/1491] Linking CXX static library esp-idf/mbedtls/mbedtls/library/libmbedx509.a
[860/1491] Creating directories for 'bootloader'
[861/1491] Building C object esp-idf/mbedtls/mbedtls/library/CMakeFiles/mbedcrypto.dir/Users/kafka/esp/esp-idf-v5.5.5/components/mbedtls/port/aes/esp_aes_gcm.c.obj
[862/1491] Building C object esp-idf/mbedtls/mbedtls/3rdparty/everest/CMakeFiles/everest.dir/library/x25519.c.obj
[863/1491] Building C object esp-idf/mbedtls/mbedtls/3rdparty/p256-m/CMakeFiles/p256m.dir/p256-m/p256-m.c.obj
[864/1491] Building C object esp-idf/mbedtls/mbedtls/3rdparty/everest/CMakeFiles/everest.dir/library/Hacl_Curve25519_joined.c.obj
[865/1491] No download step for 'bootloader'
[866/1491] Building C object esp-idf/mbedtls/mbedtls/3rdparty/everest/CMakeFiles/everest.dir/library/everest.c.obj
[867/1491] No update step for 'bootloader'
[868/1491] No patch step for 'bootloader'
[869/1491] Building C object esp-idf/mbedtls/mbedtls/3rdparty/p256-m/CMakeFiles/p256m.dir/p256-m_driver_entrypoints.c.obj
[870/1491] Building C object esp-idf/mbedtls/mbedtls/library/CMakeFiles/mbedcrypto.dir/rsa.c.obj
[871/1491] Building C object esp-idf/mbedtls/mbedtls/library/CMakeFiles/mbedcrypto.dir/psa_crypto.c.obj
[872/1491] Linking CXX static library esp-idf/mbedtls/mbedtls/library/libmbedcrypto.a
[873/1491] Linking CXX static library esp-idf/mbedtls/mbedtls/3rdparty/p256-m/libp256m.a
[874/1491] Linking CXX static library esp-idf/mbedtls/mbedtls/3rdparty/everest/libeverest.a
[875/1491] Generating x509_crt_bundle
[876/1491] Generating ../../x509_crt_bundle.S
[877/1491] Building ASM object esp-idf/mbedtls/CMakeFiles/__idf_mbedtls.dir/__/__/x509_crt_bundle.S.obj
[878/1491] Building C object esp-idf/xtensa/CMakeFiles/__idf_xtensa.dir/eri.c.obj
[879/1491] Building ASM object esp-idf/xtensa/CMakeFiles/__idf_xtensa.dir/xtensa_context.S.obj
[880/1491] Building C object esp-idf/esp_pm/CMakeFiles/__idf_esp_pm.dir/pm_locks.c.obj
[881/1491] Building C object esp-idf/esp_driver_gpio/CMakeFiles/__idf_esp_driver_gpio.dir/src/gpio_glitch_filter_ops.c.obj
[882/1491] Building ASM object esp-idf/xtensa/CMakeFiles/__idf_xtensa.dir/xtensa_intr_asm.S.obj
[883/1491] Building C object esp-idf/xtensa/CMakeFiles/__idf_xtensa.dir/xt_trax.c.obj
[884/1491] Building ASM object esp-idf/xtensa/CMakeFiles/__idf_xtensa.dir/xtensa_vectors.S.obj
[885/1491] Building C object esp-idf/esp_pm/CMakeFiles/__idf_esp_pm.dir/pm_trace.c.obj
[886/1491] Building C object esp-idf/xtensa/CMakeFiles/__idf_xtensa.dir/xtensa_intr.c.obj
[887/1491] Building C object esp-idf/esp_driver_gpio/CMakeFiles/__idf_esp_driver_gpio.dir/src/gpio_pin_glitch_filter.c.obj
[888/1491] Building C object esp-idf/mbedtls/CMakeFiles/__idf_mbedtls.dir/esp_crt_bundle/esp_crt_bundle.c.obj
[889/1491] Linking C static library esp-idf/mbedtls/libmbedtls.a
[890/1491] Building C object esp-idf/esp_pm/CMakeFiles/__idf_esp_pm.dir/pm_impl.c.obj
[891/1491] Building C object esp-idf/esp_driver_gpio/CMakeFiles/__idf_esp_driver_gpio.dir/src/dedic_gpio.c.obj
[892/1491] Building C object esp-idf/bt/CMakeFiles/__idf_bt.dir/common/btc/core/btc_alarm.c.obj
[893/1491] Linking C static library esp-idf/esp_pm/libesp_pm.a
[894/1491] Building C object esp-idf/bt/CMakeFiles/__idf_bt.dir/common/btc/core/btc_manage.c.obj
[895/1491] Building C object esp-idf/esp_driver_gpio/CMakeFiles/__idf_esp_driver_gpio.dir/src/rtc_io.c.obj
[896/1491] Building C object esp-idf/bt/CMakeFiles/__idf_bt.dir/common/hci_log/bt_hci_log.c.obj
[897/1491] Building C object esp-idf/bt/CMakeFiles/__idf_bt.dir/common/hci_log/bt_hci_log_insights.c.obj
[898/1491] Building C object esp-idf/bt/CMakeFiles/__idf_bt.dir/common/osi/allocator.c.obj
[899/1491] Building C object esp-idf/bt/CMakeFiles/__idf_bt.dir/common/osi/buffer.c.obj
[900/1491] Building C object esp-idf/bt/CMakeFiles/__idf_bt.dir/common/api/esp_blufi_api.c.obj
[901/1491] Building C object esp-idf/bt/CMakeFiles/__idf_bt.dir/common/osi/hash_functions.c.obj
[902/1491] Building C object esp-idf/bt/CMakeFiles/__idf_bt.dir/common/osi/alarm.c.obj
[903/1491] Building C object esp-idf/bt/CMakeFiles/__idf_bt.dir/common/osi/pkt_queue.c.obj
[904/1491] Building C object esp-idf/bt/CMakeFiles/__idf_bt.dir/common/osi/fixed_pkt_queue.c.obj
[905/1491] Building C object esp-idf/bt/CMakeFiles/__idf_bt.dir/common/osi/fixed_queue.c.obj
[906/1491] Building C object esp-idf/bt/CMakeFiles/__idf_bt.dir/common/btc/profile/esp/blufi/blufi_prf.c.obj
[907/1491] Building C object esp-idf/bt/CMakeFiles/__idf_bt.dir/common/osi/future.c.obj
[908/1491] Building C object esp-idf/esp_driver_gpio/CMakeFiles/__idf_esp_driver_gpio.dir/src/gpio.c.obj
[909/1491] Building C object esp-idf/bt/CMakeFiles/__idf_bt.dir/common/osi/hash_map.c.obj
[910/1491] Linking C static library esp-idf/esp_driver_gpio/libesp_driver_gpio.a
[911/1491] Building C object esp-idf/bt/CMakeFiles/__idf_bt.dir/common/osi/config.c.obj
[912/1491] Building C object esp-idf/bt/CMakeFiles/__idf_bt.dir/common/tinycrypt/src/utils.c.obj
[913/1491] Building C object esp-idf/bt/CMakeFiles/__idf_bt.dir/common/osi/list.c.obj
[914/1491] Building C object esp-idf/bt/CMakeFiles/__idf_bt.dir/common/osi/semaphore.c.obj
[915/1491] Building C object esp-idf/bt/CMakeFiles/__idf_bt.dir/common/btc/core/btc_task.c.obj
[916/1491] Linking C static library esp-idf/xtensa/libxtensa.a
[917/1491] Building C object esp-idf/bt/CMakeFiles/__idf_bt.dir/common/btc/profile/esp/blufi/blufi_protocol.c.obj
[918/1491] Building C object esp-idf/bt/CMakeFiles/__idf_bt.dir/common/tinycrypt/src/sha256.c.obj
[919/1491] Building C object esp-idf/bt/CMakeFiles/__idf_bt.dir/common/tinycrypt/src/ctr_mode.c.obj
[920/1491] Building C object esp-idf/bt/CMakeFiles/__idf_bt.dir/common/osi/mutex.c.obj
[921/1491] Building C object esp-idf/bt/CMakeFiles/__idf_bt.dir/common/tinycrypt/src/aes_encrypt.c.obj
[922/1491] Building C object esp-idf/bt/CMakeFiles/__idf_bt.dir/common/tinycrypt/src/aes_decrypt.c.obj
[923/1491] Building C object esp-idf/bt/CMakeFiles/__idf_bt.dir/common/osi/osi.c.obj
[924/1491] Building C object esp-idf/bt/CMakeFiles/__idf_bt.dir/common/tinycrypt/src/ccm_mode.c.obj
[925/1491] Building C object esp-idf/bt/CMakeFiles/__idf_bt.dir/common/tinycrypt/src/ctr_prng.c.obj
[926/1491] Building C object esp-idf/bt/CMakeFiles/__idf_bt.dir/common/tinycrypt/src/ecc_platform_specific.c.obj
[927/1491] Building C object esp-idf/bt/CMakeFiles/__idf_bt.dir/common/tinycrypt/src/cmac_mode.c.obj
[928/1491] Building C object esp-idf/bt/CMakeFiles/__idf_bt.dir/common/tinycrypt/src/hmac_prng.c.obj
[929/1491] Building C object esp-idf/bt/CMakeFiles/__idf_bt.dir/common/tinycrypt/src/ecc_dsa.c.obj
[930/1491] Building C object esp-idf/bt/CMakeFiles/__idf_bt.dir/common/ble_log/deprecated/ble_log_spi_out.c.obj
[931/1491] Building C object esp-idf/bt/CMakeFiles/__idf_bt.dir/common/tinycrypt/src/ecc_dh.c.obj
[932/1491] Building C object esp-idf/bt/CMakeFiles/__idf_bt.dir/common/tinycrypt/src/cbc_mode.c.obj
[933/1491] Building C object esp-idf/bt/CMakeFiles/__idf_bt.dir/common/tinycrypt/src/hmac.c.obj
[934/1491] Building C object esp-idf/bt/CMakeFiles/__idf_bt.dir/common/tinycrypt/port/esp_tinycrypt_port.c.obj
[935/1491] Building C object esp-idf/bt/CMakeFiles/__idf_bt.dir/common/osi/thread.c.obj
[936/1491] Building C object esp-idf/bt/CMakeFiles/__idf_bt.dir/common/tinycrypt/src/ecc.c.obj
[937/1491] Building C object esp-idf/bt/CMakeFiles/__idf_bt.dir/host/bluedroid/api/esp_bluedroid_hci.c.obj
[938/1491] Building C object esp-idf/bt/CMakeFiles/__idf_bt.dir/host/bluedroid/api/esp_avrc_api.c.obj
[939/1491] Building C object esp-idf/bt/CMakeFiles/__idf_bt.dir/host/bluedroid/api/esp_gap_bt_api.c.obj
[940/1491] Building C object esp-idf/bt/CMakeFiles/__idf_bt.dir/host/bluedroid/api/esp_gatt_common_api.c.obj
[941/1491] Building C object esp-idf/bt/CMakeFiles/__idf_bt.dir/host/bluedroid/api/esp_a2dp_api.c.obj
[942/1491] Building C object esp-idf/bt/CMakeFiles/__idf_bt.dir/host/bluedroid/api/esp_bt_main.c.obj
[943/1491] Building C object esp-idf/bt/CMakeFiles/__idf_bt.dir/host/bluedroid/api/esp_bt_device.c.obj
[944/1491] Building C object esp-idf/bt/CMakeFiles/__idf_bt.dir/host/bluedroid/api/esp_hidd_api.c.obj
[945/1491] Building C object esp-idf/bt/CMakeFiles/__idf_bt.dir/controller/esp32c3/bt.c.obj
[946/1491] Building C object esp-idf/bt/CMakeFiles/__idf_bt.dir/host/bluedroid/api/esp_gattc_api.c.obj
[947/1491] Building C object esp-idf/bt/CMakeFiles/__idf_bt.dir/host/bluedroid/api/esp_gap_ble_api.c.obj
[948/1491] Building C object esp-idf/bt/CMakeFiles/__idf_bt.dir/host/bluedroid/api/esp_gatts_api.c.obj
[949/1491] Building C object esp-idf/bt/CMakeFiles/__idf_bt.dir/host/bluedroid/api/esp_hidh_api.c.obj
[950/1491] Building C object esp-idf/bt/CMakeFiles/__idf_bt.dir/host/bluedroid/api/esp_hf_client_api.c.obj
[951/1491] Building C object esp-idf/bt/CMakeFiles/__idf_bt.dir/host/bluedroid/api/esp_hf_ag_api.c.obj
[952/1491] Building C object esp-idf/bt/CMakeFiles/__idf_bt.dir/host/bluedroid/api/esp_l2cap_bt_api.c.obj
[953/1491] Building C object esp-idf/bt/CMakeFiles/__idf_bt.dir/host/bluedroid/api/esp_sdp_api.c.obj
[954/1491] Building C object esp-idf/bt/CMakeFiles/__idf_bt.dir/host/bluedroid/api/esp_spp_api.c.obj
[955/1491] Building C object esp-idf/bt/CMakeFiles/__idf_bt.dir/host/bluedroid/bta/ar/bta_ar.c.obj
[956/1491] Building C object esp-idf/bt/CMakeFiles/__idf_bt.dir/host/bluedroid/api/esp_pbac_api.c.obj
[957/1491] Building C object esp-idf/bt/CMakeFiles/__idf_bt.dir/host/bluedroid/bta/av/bta_av_ca_sm.c.obj
[958/1491] Building C object esp-idf/bt/CMakeFiles/__idf_bt.dir/host/bluedroid/bta/av/bta_av_api.c.obj
[959/1491] Building C object esp-idf/bt/CMakeFiles/__idf_bt.dir/host/bluedroid/bta/av/bta_av_aact.c.obj
[960/1491] Building C object esp-idf/bt/CMakeFiles/__idf_bt.dir/host/bluedroid/bta/av/bta_av_ca_act.c.obj
[961/1491] Building C object esp-idf/bt/CMakeFiles/__idf_bt.dir/host/bluedroid/bta/av/bta_av_act.c.obj
[962/1491] Building C object esp-idf/bt/CMakeFiles/__idf_bt.dir/host/bluedroid/bta/av/bta_av_main.c.obj
[963/1491] Building C object esp-idf/bt/CMakeFiles/__idf_bt.dir/host/bluedroid/bta/av/bta_av_ssm.c.obj
[964/1491] Building C object esp-idf/bt/CMakeFiles/__idf_bt.dir/host/bluedroid/bta/av/bta_av_sbc.c.obj
[965/1491] Building C object esp-idf/bt/CMakeFiles/__idf_bt.dir/host/bluedroid/bta/av/bta_av_cfg.c.obj
[966/1491] Building C object esp-idf/bt/CMakeFiles/__idf_bt.dir/host/bluedroid/bta/av/bta_av_ci.c.obj
[967/1491] Building C object esp-idf/bt/CMakeFiles/__idf_bt.dir/host/bluedroid/bta/dm/bta_dm_ci.c.obj
[968/1491] Building C object esp-idf/bt/CMakeFiles/__idf_bt.dir/host/bluedroid/bta/dm/bta_dm_cfg.c.obj
[969/1491] Building C object esp-idf/bt/CMakeFiles/__idf_bt.dir/host/bluedroid/bta/dm/bta_dm_co.c.obj
[970/1491] Building C object esp-idf/bt/CMakeFiles/__idf_bt.dir/host/bluedroid/bta/dm/bta_dm_sco.c.obj
[971/1491] Building C object esp-idf/bt/CMakeFiles/__idf_bt.dir/host/bluedroid/bta/dm/bta_dm_pm.c.obj
[972/1491] Building C object esp-idf/bt/CMakeFiles/__idf_bt.dir/host/bluedroid/bta/dm/bta_dm_main.c.obj
[973/1491] Building C object esp-idf/bt/CMakeFiles/__idf_bt.dir/host/bluedroid/bta/dm/bta_dm_api.c.obj
[974/1491] Building C object esp-idf/bt/CMakeFiles/__idf_bt.dir/host/bluedroid/bta/gatt/bta_gatt_common.c.obj
[975/1491] Building C object esp-idf/bt/CMakeFiles/__idf_bt.dir/host/bluedroid/bta/dm/bta_dm_qos.c.obj
[976/1491] Building C object esp-idf/bt/CMakeFiles/__idf_bt.dir/host/bluedroid/bta/dm/bta_dm_act.c.obj
[977/1491] Building C object esp-idf/bt/CMakeFiles/__idf_bt.dir/host/bluedroid/bta/gatt/bta_gattc_api.c.obj
[978/1491] Building C object esp-idf/bt/CMakeFiles/__idf_bt.dir/host/bluedroid/bta/gatt/bta_gattc_main.c.obj
[979/1491] Building C object esp-idf/bt/CMakeFiles/__idf_bt.dir/host/bluedroid/bta/gatt/bta_gattc_ci.c.obj
[980/1491] Building C object esp-idf/bt/CMakeFiles/__idf_bt.dir/host/bluedroid/bta/gatt/bta_gattc_act.c.obj
[981/1491] Building C object esp-idf/bt/CMakeFiles/__idf_bt.dir/host/bluedroid/bta/gatt/bta_gatts_co.c.obj
[982/1491] Building C object esp-idf/bt/CMakeFiles/__idf_bt.dir/host/bluedroid/bta/gatt/bta_gattc_co.c.obj
[983/1491] Building C object esp-idf/bt/CMakeFiles/__idf_bt.dir/host/bluedroid/bta/gatt/bta_gatts_api.c.obj
[984/1491] Building C object esp-idf/bt/CMakeFiles/__idf_bt.dir/host/bluedroid/bta/hd/bta_hd_api.c.obj
[985/1491] Building C object esp-idf/bt/CMakeFiles/__idf_bt.dir/host/bluedroid/bta/hd/bta_hd_act.c.obj
[986/1491] Building C object esp-idf/bt/CMakeFiles/__idf_bt.dir/host/bluedroid/bta/gatt/bta_gatts_act.c.obj
[987/1491] Building C object esp-idf/bt/CMakeFiles/__idf_bt.dir/host/bluedroid/bta/gatt/bta_gattc_utils.c.obj
[988/1491] Building C object esp-idf/bt/CMakeFiles/__idf_bt.dir/host/bluedroid/bta/hd/bta_hd_main.c.obj
[989/1491] Building C object esp-idf/bt/CMakeFiles/__idf_bt.dir/host/bluedroid/bta/gatt/bta_gatts_main.c.obj
[990/1491] Building C object esp-idf/bt/CMakeFiles/__idf_bt.dir/host/bluedroid/bta/gatt/bta_gatts_utils.c.obj
[991/1491] Building C object esp-idf/bt/CMakeFiles/__idf_bt.dir/host/bluedroid/bta/hh/bta_hh_act.c.obj
[992/1491] Building C object esp-idf/bt/CMakeFiles/__idf_bt.dir/host/bluedroid/bta/hh/bta_hh_api.c.obj
[993/1491] Building C object esp-idf/bt/CMakeFiles/__idf_bt.dir/host/bluedroid/bta/hh/bta_hh_cfg.c.obj
[994/1491] Building C object esp-idf/bt/CMakeFiles/__idf_bt.dir/host/bluedroid/bta/hh/bta_hh_main.c.obj
[995/1491] Building C object esp-idf/bt/CMakeFiles/__idf_bt.dir/host/bluedroid/bta/hh/bta_hh_utils.c.obj
[996/1491] Building C object esp-idf/bt/CMakeFiles/__idf_bt.dir/host/bluedroid/bta/gatt/bta_gattc_cache.c.obj
[997/1491] Building C object esp-idf/bt/CMakeFiles/__idf_bt.dir/host/bluedroid/bta/hf_ag/bta_ag_at.c.obj
[998/1491] Building C object esp-idf/bt/CMakeFiles/__idf_bt.dir/host/bluedroid/bta/hh/bta_hh_le.c.obj
[999/1491] Building C object esp-idf/bt/CMakeFiles/__idf_bt.dir/host/bluedroid/bta/jv/bta_jv_act.c.obj
[1000/1491] Building C object esp-idf/bt/CMakeFiles/__idf_bt.dir/host/bluedroid/bta/jv/bta_jv_api.c.obj
[1001/1491] Building C object esp-idf/bt/CMakeFiles/__idf_bt.dir/host/bluedroid/bta/jv/bta_jv_cfg.c.obj
[1002/1491] Building C object esp-idf/bt/CMakeFiles/__idf_bt.dir/host/bluedroid/bta/jv/bta_jv_main.c.obj
[1003/1491] Building C object esp-idf/bt/CMakeFiles/__idf_bt.dir/host/bluedroid/bta/hf_ag/bta_ag_api.c.obj
[1004/1491] Building C object esp-idf/bt/CMakeFiles/__idf_bt.dir/host/bluedroid/bta/hf_ag/bta_ag_cmd.c.obj
[1005/1491] Building C object esp-idf/bt/CMakeFiles/__idf_bt.dir/host/bluedroid/bta/hf_ag/bta_ag_cfg.c.obj
[1006/1491] Building C object esp-idf/bt/CMakeFiles/__idf_bt.dir/host/bluedroid/bta/hf_ag/bta_ag_act.c.obj
[1007/1491] Building C object esp-idf/bt/CMakeFiles/__idf_bt.dir/host/bluedroid/bta/hf_ag/bta_ag_main.c.obj
[1008/1491] Building C object esp-idf/bt/CMakeFiles/__idf_bt.dir/host/bluedroid/bta/hf_ag/bta_ag_rfc.c.obj
[1009/1491] Building C object esp-idf/bt/CMakeFiles/__idf_bt.dir/host/bluedroid/bta/hf_ag/bta_ag_sco.c.obj
[1010/1491] Building C object esp-idf/bt/CMakeFiles/__idf_bt.dir/host/bluedroid/bta/hf_ag/bta_ag_sdp.c.obj
[1011/1491] Building C object esp-idf/bt/CMakeFiles/__idf_bt.dir/host/bluedroid/bta/hf_client/bta_hf_client_api.c.obj
[1012/1491] Building C object esp-idf/bt/CMakeFiles/__idf_bt.dir/host/bluedroid/bta/hf_client/bta_hf_client_at.c.obj
[1013/1491] Building C object esp-idf/bt/CMakeFiles/__idf_bt.dir/host/bluedroid/bta/hf_client/bta_hf_client_act.c.obj
[1014/1491] Building C object esp-idf/bt/CMakeFiles/__idf_bt.dir/host/bluedroid/bta/hf_client/bta_hf_client_main.c.obj
[1015/1491] Building C object esp-idf/bt/CMakeFiles/__idf_bt.dir/host/bluedroid/bta/hf_client/bta_hf_client_sco.c.obj
[1016/1491] Building C object esp-idf/bt/CMakeFiles/__idf_bt.dir/host/bluedroid/bta/hf_client/bta_hf_client_rfc.c.obj
[1017/1491] Building C object esp-idf/bt/CMakeFiles/__idf_bt.dir/host/bluedroid/bta/hf_client/bta_hf_client_sdp.c.obj
[1018/1491] Building C object esp-idf/bt/CMakeFiles/__idf_bt.dir/host/bluedroid/bta/hf_client/bta_hf_client_cmd.c.obj
[1019/1491] Building C object esp-idf/bt/CMakeFiles/__idf_bt.dir/host/bluedroid/bta/pba/bta_pba_client_act.c.obj
[1020/1491] Building C object esp-idf/bt/CMakeFiles/__idf_bt.dir/host/bluedroid/bta/pba/bta_pba_client_api.c.obj
[1021/1491] Building C object esp-idf/bt/CMakeFiles/__idf_bt.dir/host/bluedroid/bta/sdp/bta_sdp.c.obj
[1022/1491] Building C object esp-idf/bt/CMakeFiles/__idf_bt.dir/host/bluedroid/bta/pba/bta_pba_client_main.c.obj
[1023/1491] Building C object esp-idf/bt/CMakeFiles/__idf_bt.dir/host/bluedroid/bta/pba/bta_pba_client_sdp.c.obj
[1024/1491] Building C object esp-idf/bt/CMakeFiles/__idf_bt.dir/host/bluedroid/bta/sdp/bta_sdp_api.c.obj
[1025/1491] Building C object esp-idf/bt/CMakeFiles/__idf_bt.dir/host/bluedroid/bta/sdp/bta_sdp_cfg.c.obj
[1026/1491] Building C object esp-idf/bt/CMakeFiles/__idf_bt.dir/host/bluedroid/bta/sdp/bta_sdp_act.c.obj
[1027/1491] Building C object esp-idf/bt/CMakeFiles/__idf_bt.dir/host/bluedroid/btc/core/btc_sec.c.obj
[1028/1491] Building C object esp-idf/bt/CMakeFiles/__idf_bt.dir/host/bluedroid/bta/sys/bta_sys_conn.c.obj
[1029/1491] Building C object esp-idf/bt/CMakeFiles/__idf_bt.dir/host/bluedroid/bta/sys/utl.c.obj
[1030/1491] Building C object esp-idf/bt/CMakeFiles/__idf_bt.dir/host/bluedroid/bta/sys/bta_sys_main.c.obj
[1031/1491] Building C object esp-idf/bt/CMakeFiles/__idf_bt.dir/host/bluedroid/btc/core/btc_profile_queue.c.obj
[1032/1491] Building C object esp-idf/bt/CMakeFiles/__idf_bt.dir/host/bluedroid/btc/core/btc_config.c.obj
[1033/1491] Building C object esp-idf/bt/CMakeFiles/__idf_bt.dir/host/bluedroid/btc/core/btc_sm.c.obj
[1034/1491] Building C object esp-idf/bt/CMakeFiles/__idf_bt.dir/host/bluedroid/btc/core/btc_dev.c.obj
[1035/1491] Building C object esp-idf/bt/CMakeFiles/__idf_bt.dir/host/bluedroid/btc/core/btc_storage.c.obj
[1036/1491] Building C object esp-idf/bt/CMakeFiles/__idf_bt.dir/host/bluedroid/btc/profile/std/a2dp/btc_a2dp.c.obj
[1037/1491] Building C object esp-idf/bt/CMakeFiles/__idf_bt.dir/host/bluedroid/btc/core/btc_main.c.obj
[1038/1491] Building C object esp-idf/bt/CMakeFiles/__idf_bt.dir/host/bluedroid/btc/core/btc_util.c.obj
[1039/1491] Building C object esp-idf/bt/CMakeFiles/__idf_bt.dir/host/bluedroid/btc/profile/std/a2dp/bta_av_co.c.obj
[1040/1491] Building C object esp-idf/bt/CMakeFiles/__idf_bt.dir/host/bluedroid/btc/core/btc_ble_storage.c.obj
[1041/1491] Building C object esp-idf/bt/CMakeFiles/__idf_bt.dir/host/bluedroid/btc/core/btc_dm.c.obj
[1042/1491] Building C object esp-idf/bt/CMakeFiles/__idf_bt.dir/host/bluedroid/btc/profile/std/a2dp/btc_a2dp_control.c.obj
[1043/1491] Building C object esp-idf/bt/CMakeFiles/__idf_bt.dir/host/bluedroid/btc/profile/std/a2dp/btc_a2dp_source_ext_codec.c.obj
[1044/1491] Building C object esp-idf/bt/CMakeFiles/__idf_bt.dir/host/bluedroid/btc/profile/std/a2dp/btc_a2dp_sink.c.obj
[1045/1491] Building C object esp-idf/bt/CMakeFiles/__idf_bt.dir/host/bluedroid/btc/profile/std/a2dp/btc_a2dp_sink_ext_coedc.c.obj
[1046/1491] Building C object esp-idf/bt/CMakeFiles/__idf_bt.dir/host/bluedroid/btc/profile/std/a2dp/btc_a2dp_source.c.obj
[1047/1491] Building C object esp-idf/bt/CMakeFiles/__idf_bt.dir/host/bluedroid/btc/profile/std/a2dp/btc_av.c.obj
[1048/1491] Building C object esp-idf/bt/CMakeFiles/__idf_bt.dir/host/bluedroid/btc/profile/std/hf_ag/bta_ag_co.c.obj
[1049/1491] Building C object esp-idf/bt/CMakeFiles/__idf_bt.dir/host/bluedroid/btc/profile/std/avrc/bta_avrc_co.c.obj
[1050/1491] Building C object esp-idf/bt/CMakeFiles/__idf_bt.dir/host/bluedroid/btc/profile/std/hf_ag/btc_hf_ag.c.obj
[1051/1491] Building C object esp-idf/bt/CMakeFiles/__idf_bt.dir/host/bluedroid/btc/profile/std/avrc/btc_avrc.c.obj
[1052/1491] Building C object esp-idf/bt/CMakeFiles/__idf_bt.dir/host/bluedroid/btc/profile/std/hf_client/btc_hf_client.c.obj
[1053/1491] Building C object esp-idf/bt/CMakeFiles/__idf_bt.dir/host/bluedroid/btc/profile/std/hf_client/bta_hf_client_co.c.obj
[1054/1491] Building C object esp-idf/bt/CMakeFiles/__idf_bt.dir/host/bluedroid/btc/profile/std/hid/btc_hd.c.obj
[1055/1491] Building C object esp-idf/bt/CMakeFiles/__idf_bt.dir/host/bluedroid/btc/profile/std/hid/bta_hh_co.c.obj
[1056/1491] Building C object esp-idf/bt/CMakeFiles/__idf_bt.dir/host/bluedroid/btc/profile/std/hid/btc_hh.c.obj
[1057/1491] Building C object esp-idf/bt/CMakeFiles/__idf_bt.dir/host/bluedroid/btc/profile/std/gap/btc_gap_bt.c.obj
[1058/1491] Building C object esp-idf/bt/CMakeFiles/__idf_bt.dir/host/bluedroid/btc/profile/std/gap/bta_gap_bt_co.c.obj
[1059/1491] Building C object esp-idf/bt/CMakeFiles/__idf_bt.dir/host/bluedroid/btc/profile/std/gatt/btc_gatt_util.c.obj
[1060/1491] Building C object esp-idf/bt/CMakeFiles/__idf_bt.dir/host/bluedroid/btc/profile/std/gatt/btc_gatt_common.c.obj
[1061/1491] Building C object esp-idf/bt/CMakeFiles/__idf_bt.dir/host/bluedroid/hci/hci_audio.c.obj
[1062/1491] Building C object esp-idf/bt/CMakeFiles/__idf_bt.dir/host/bluedroid/btc/profile/std/spp/btc_spp.c.obj
[1063/1491] Building C object esp-idf/bt/CMakeFiles/__idf_bt.dir/host/bluedroid/btc/profile/std/sdp/btc_sdp.c.obj
[1064/1491] Building C object esp-idf/bt/CMakeFiles/__idf_bt.dir/host/bluedroid/btc/profile/std/gatt/btc_gattc.c.obj
[1065/1491] Building C object esp-idf/bt/CMakeFiles/__idf_bt.dir/host/bluedroid/btc/profile/std/gatt/btc_gatts.c.obj
[1066/1491] Building C object esp-idf/bt/CMakeFiles/__idf_bt.dir/host/bluedroid/btc/profile/std/l2cap/btc_l2cap.c.obj
[1067/1491] Building C object esp-idf/bt/CMakeFiles/__idf_bt.dir/host/bluedroid/btc/profile/std/pba/btc_pba_client.c.obj
[1068/1491] Building C object esp-idf/bt/CMakeFiles/__idf_bt.dir/host/bluedroid/btc/profile/std/gap/btc_gap_ble.c.obj
[1069/1491] Building C object esp-idf/bt/CMakeFiles/__idf_bt.dir/host/bluedroid/device/bdaddr.c.obj
[1070/1491] Building C object esp-idf/bt/CMakeFiles/__idf_bt.dir/host/bluedroid/device/interop.c.obj
[1071/1491] Building C object esp-idf/bt/CMakeFiles/__idf_bt.dir/host/bluedroid/device/controller.c.obj
[1072/1491] Building C object esp-idf/bt/CMakeFiles/__idf_bt.dir/host/bluedroid/hci/hci_hal_h4.c.obj
[1073/1491] Performing configure step for 'bootloader'
-- Found Git: /opt/homebrew/bin/git (found version "2.55.0")
-- Component directory /Users/kafka/esp/esp-idf-v5.5.5/components/esp_blockdev does not contain a CMakeLists.txt file. No component will be added
-- Minimal build - OFF
-- The C compiler identification is GNU 14.2.0
-- The CXX compiler identification is GNU 14.2.0
-- The ASM compiler identification is GNU
-- Found assembler: /Users/kafka/.espressif/tools/xtensa-esp-elf/esp-14.2.0_20260121/xtensa-esp-elf/bin/xtensa-esp32s3-elf-gcc
-- Detecting C compiler ABI info
-- Detecting C compiler ABI info - done
-- Check for working C compiler: /Users/kafka/.espressif/tools/xtensa-esp-elf/esp-14.2.0_20260121/xtensa-esp-elf/bin/xtensa-esp32s3-elf-gcc - skipped
-- Detecting C compile features
-- Detecting C compile features - done
-- Detecting CXX compiler ABI info
-- Detecting CXX compiler ABI info - done
-- Check for working CXX compiler: /Users/kafka/.espressif/tools/xtensa-esp-elf/esp-14.2.0_20260121/xtensa-esp-elf/bin/xtensa-esp32s3-elf-g++ - skipped
-- Detecting CXX compile features
-- Detecting CXX compile features - done
-- Building ESP-IDF components for target esp32s3
-- ESP-TEE is currently supported only on the esp32c6;esp32h2;esp32c5 SoCs
-- Project sdkconfig file /Users/kafka/Documents/Notion/esp-ble/stm32-project/integration/esp32-s3/sdkconfig
-- Compiler supported targets: xtensa-esp-elf
-- Detecting C compiler ABI info
-- Detecting C compiler ABI info - done
-- Detecting CXX compiler ABI info
-- Detecting CXX compiler ABI info - done
-- Detecting C compiler ABI info
-- Detecting C compiler ABI info - done
-- Detecting CXX compiler ABI info
-- Detecting CXX compiler ABI info - done
-- Adding linker script /Users/kafka/esp/esp-idf-v5.5.5/components/soc/esp32s3/ld/esp32s3.peripherals.ld
-- Bootloader project name: "bootloader" version: 1
-- Adding linker script /Users/kafka/esp/esp-idf-v5.5.5/components/esp_rom/esp32s3/ld/esp32s3.rom.ld
-- Adding linker script /Users/kafka/esp/esp-idf-v5.5.5/components/esp_rom/esp32s3/ld/esp32s3.rom.api.ld
-- Adding linker script /Users/kafka/esp/esp-idf-v5.5.5/components/esp_rom/esp32s3/ld/esp32s3.rom.bt_funcs.ld
-- Adding linker script /Users/kafka/esp/esp-idf-v5.5.5/components/esp_rom/esp32s3/ld/esp32s3.rom.libgcc.ld
-- Adding linker script /Users/kafka/esp/esp-idf-v5.5.5/components/esp_rom/esp32s3/ld/esp32s3.rom.wdt.ld
-- Adding linker script /Users/kafka/esp/esp-idf-v5.5.5/components/esp_rom/esp32s3/ld/esp32s3.rom.version.ld
-- Adding linker script /Users/kafka/esp/esp-idf-v5.5.5/components/esp_rom/esp32s3/ld/esp32s3.rom.libc.ld
-- Adding linker script /Users/kafka/esp/esp-idf-v5.5.5/components/esp_rom/esp32s3/ld/esp32s3.rom.newlib.ld
-- Adding linker script /Users/kafka/esp/esp-idf-v5.5.5/components/bootloader/subproject/main/ld/esp32s3/bootloader.rom.ld
-- Components: bootloader bootloader_support efuse esp_app_format esp_bootloader_format esp_common esp_hw_support esp_rom esp_security esp_system esptool_py freertos hal log main micro-ecc newlib partition_table soc spi_flash xtensa
-- Component paths: /Users/kafka/esp/esp-idf-v5.5.5/components/bootloader /Users/kafka/esp/esp-idf-v5.5.5/components/bootloader_support /Users/kafka/esp/esp-idf-v5.5.5/components/efuse /Users/kafka/esp/esp-idf-v5.5.5/components/esp_app_format /Users/kafka/esp/esp-idf-v5.5.5/components/esp_bootloader_format /Users/kafka/esp/esp-idf-v5.5.5/components/esp_common /Users/kafka/esp/esp-idf-v5.5.5/components/esp_hw_support /Users/kafka/esp/esp-idf-v5.5.5/components/esp_rom /Users/kafka/esp/esp-idf-v5.5.5/components/esp_security /Users/kafka/esp/esp-idf-v5.5.5/components/esp_system /Users/kafka/esp/esp-idf-v5.5.5/components/esptool_py /Users/kafka/esp/esp-idf-v5.5.5/components/freertos /Users/kafka/esp/esp-idf-v5.5.5/components/hal /Users/kafka/esp/esp-idf-v5.5.5/components/log /Users/kafka/esp/esp-idf-v5.5.5/components/bootloader/subproject/main /Users/kafka/esp/esp-idf-v5.5.5/components/bootloader/subproject/components/micro-ecc /Users/kafka/esp/esp-idf-v5.5.5/components/newlib /Users/kafka/esp/esp-idf-v5.5.5/components/partition_table /Users/kafka/esp/esp-idf-v5.5.5/components/soc /Users/kafka/esp/esp-idf-v5.5.5/components/spi_flash /Users/kafka/esp/esp-idf-v5.5.5/components/xtensa
-- Adding linker script /Users/kafka/esp/esp-idf-v5.5.5/components/bootloader/subproject/main/ld/esp32s3/bootloader.ld
-- Configuring done (16.6s)
-- Generating done (0.4s)
-- Build files have been written to: /Users/kafka/Documents/Notion/esp-ble/stm32-project/integration/esp32-s3/build/bootloader
[1074/1491] Building C object esp-idf/bt/CMakeFiles/__idf_bt.dir/host/bluedroid/hci/hci_packet_factory.c.obj
[1075/1491] Building C object esp-idf/bt/CMakeFiles/__idf_bt.dir/host/bluedroid/main/bte_init.c.obj
[1076/1491] Building C object esp-idf/bt/CMakeFiles/__idf_bt.dir/host/bluedroid/hci/hci_layer.c.obj
[1077/1491] Building C object esp-idf/bt/CMakeFiles/__idf_bt.dir/host/bluedroid/stack/a2dp/a2d_api.c.obj
[1078/1491] Building C object esp-idf/bt/CMakeFiles/__idf_bt.dir/host/bluedroid/hci/hci_packet_parser.c.obj
[1079/1491] Building C object esp-idf/bt/CMakeFiles/__idf_bt.dir/host/bluedroid/stack/avct/avct_ccb.c.obj
[1080/1491] Building C object esp-idf/bt/CMakeFiles/__idf_bt.dir/host/bluedroid/hci/packet_fragmenter.c.obj
[1081/1491] Building C object esp-idf/bt/CMakeFiles/__idf_bt.dir/host/bluedroid/main/bte_main.c.obj
[1082/1491] Building C object esp-idf/bt/CMakeFiles/__idf_bt.dir/host/bluedroid/stack/a2dp/a2d_sbc.c.obj
[1083/1491] Building C object esp-idf/bt/CMakeFiles/__idf_bt.dir/host/bluedroid/stack/avct/avct_api.c.obj
[1084/1491] Building C object esp-idf/bt/CMakeFiles/__idf_bt.dir/host/bluedroid/stack/avct/avct_l2c.c.obj
[1085/1491] Building C object esp-idf/bt/CMakeFiles/__idf_bt.dir/host/bluedroid/stack/avct/avct_lcb.c.obj
[1086/1491] Building C object esp-idf/bt/CMakeFiles/__idf_bt.dir/host/bluedroid/stack/avct/avct_lcb_act.c.obj
[1087/1491] Building C object esp-idf/bt/CMakeFiles/__idf_bt.dir/host/bluedroid/stack/avdt/avdt_ccb.c.obj
[1088/1491] Building C object esp-idf/bt/CMakeFiles/__idf_bt.dir/host/bluedroid/stack/avdt/avdt_ad.c.obj
[1089/1491] Building C object esp-idf/bt/CMakeFiles/__idf_bt.dir/host/bluedroid/stack/avdt/avdt_msg.c.obj
[1090/1491] Building C object esp-idf/bt/CMakeFiles/__idf_bt.dir/host/bluedroid/stack/avdt/avdt_ccb_act.c.obj
[1091/1491] Building C object esp-idf/bt/CMakeFiles/__idf_bt.dir/host/bluedroid/stack/avdt/avdt_api.c.obj
[1092/1491] Building C object esp-idf/bt/CMakeFiles/__idf_bt.dir/host/bluedroid/stack/avdt/avdt_l2c.c.obj
[1093/1491] Building C object esp-idf/bt/CMakeFiles/__idf_bt.dir/host/bluedroid/stack/avdt/avdt_scb.c.obj
[1094/1491] Building C object esp-idf/bt/CMakeFiles/__idf_bt.dir/host/bluedroid/stack/avrc/avrc_api.c.obj
[1095/1491] Building C object esp-idf/bt/CMakeFiles/__idf_bt.dir/host/bluedroid/stack/avdt/avdt_scb_act.c.obj
[1096/1491] Building C object esp-idf/bt/CMakeFiles/__idf_bt.dir/host/bluedroid/stack/avrc/avrc_bld_tg.c.obj
[1097/1491] Building C object esp-idf/bt/CMakeFiles/__idf_bt.dir/host/bluedroid/stack/avrc/avrc_bld_ct.c.obj
[1098/1491] Building C object esp-idf/bt/CMakeFiles/__idf_bt.dir/host/bluedroid/stack/avrc/avrc_opt.c.obj
[1099/1491] Building C object esp-idf/bt/CMakeFiles/__idf_bt.dir/host/bluedroid/stack/avrc/avrc_pars_ct.c.obj
[1100/1491] Building C object esp-idf/bt/CMakeFiles/__idf_bt.dir/host/bluedroid/stack/hid/hidd_api.c.obj
[1101/1491] Building C object esp-idf/bt/CMakeFiles/__idf_bt.dir/host/bluedroid/stack/avrc/avrc_pars_tg.c.obj
[1102/1491] Building C object esp-idf/bt/CMakeFiles/__idf_bt.dir/host/bluedroid/stack/avrc/avrc_sdp.c.obj
[1103/1491] Building C object esp-idf/bt/CMakeFiles/__idf_bt.dir/host/bluedroid/stack/avrc/avrc_utils.c.obj
[1104/1491] Building C object esp-idf/bt/CMakeFiles/__idf_bt.dir/host/bluedroid/stack/hid/hidh_api.c.obj
[1105/1491] Building C object esp-idf/bt/CMakeFiles/__idf_bt.dir/host/bluedroid/stack/hid/hidh_conn.c.obj
[1106/1491] Building C object esp-idf/bt/CMakeFiles/__idf_bt.dir/host/bluedroid/stack/hid/hidd_conn.c.obj
[1107/1491] Building C object esp-idf/bt/CMakeFiles/__idf_bt.dir/host/bluedroid/stack/btm/btm_ble_adv_filter.c.obj
[1108/1491] Building C object esp-idf/bt/CMakeFiles/__idf_bt.dir/host/bluedroid/stack/btm/btm_ble_cont_energy.c.obj
[1109/1491] Building C object esp-idf/bt/CMakeFiles/__idf_bt.dir/host/bluedroid/stack/btm/btm_ble_5_gap.c.obj
[1110/1491] Building C object esp-idf/bt/CMakeFiles/__idf_bt.dir/host/bluedroid/stack/btm/btm_ble_batchscan.c.obj
[1111/1491] Building C object esp-idf/bt/CMakeFiles/__idf_bt.dir/host/bluedroid/stack/btm/btm_ble_addr.c.obj
[1112/1491] Building C object esp-idf/bt/CMakeFiles/__idf_bt.dir/host/bluedroid/stack/btm/btm_acl.c.obj
[1113/1491] Building C object esp-idf/bt/CMakeFiles/__idf_bt.dir/host/bluedroid/stack/btm/btm_ble_multi_adv.c.obj
[1114/1491] Building C object esp-idf/bt/CMakeFiles/__idf_bt.dir/host/bluedroid/stack/btm/btm_ble_bgconn.c.obj
[1115/1491] Building C object esp-idf/bt/CMakeFiles/__idf_bt.dir/host/bluedroid/stack/btm/btm_ble_privacy.c.obj
[1116/1491] Building C object esp-idf/bt/CMakeFiles/__idf_bt.dir/host/bluedroid/stack/btm/btm_dev.c.obj
[1117/1491] Building C object esp-idf/bt/CMakeFiles/__idf_bt.dir/host/bluedroid/stack/btm/btm_ble.c.obj
[1118/1491] Building C object esp-idf/bt/CMakeFiles/__idf_bt.dir/host/bluedroid/stack/btm/btm_devctl.c.obj
[1119/1491] Building C object esp-idf/bt/CMakeFiles/__idf_bt.dir/host/bluedroid/stack/btm/btm_bredr_pwr_ctrl.c.obj
[1120/1491] Building C object esp-idf/bt/CMakeFiles/__idf_bt.dir/host/bluedroid/stack/btm/btm_main.c.obj
[1121/1491] Building C object esp-idf/bt/CMakeFiles/__idf_bt.dir/host/bluedroid/stack/btm/btm_pm.c.obj
[1122/1491] Building C object esp-idf/bt/CMakeFiles/__idf_bt.dir/host/bluedroid/stack/btm/btm_sco.c.obj
[1123/1491] Building C object esp-idf/bt/CMakeFiles/__idf_bt.dir/host/bluedroid/stack/btm/btm_ble_gap.c.obj
[1124/1491] Building C object esp-idf/bt/CMakeFiles/__idf_bt.dir/host/bluedroid/stack/btu/btu_init.c.obj
[1125/1491] Building C object esp-idf/bt/CMakeFiles/__idf_bt.dir/host/bluedroid/stack/btm/btm_inq.c.obj
[1126/1491] Building C object esp-idf/bt/CMakeFiles/__idf_bt.dir/host/bluedroid/stack/btu/btu_hcif.c.obj
[1127/1491] Building C object esp-idf/bt/CMakeFiles/__idf_bt.dir/host/bluedroid/stack/gap/gap_api.c.obj
[1128/1491] Building C object esp-idf/bt/CMakeFiles/__idf_bt.dir/host/bluedroid/stack/gap/gap_conn.c.obj
[1129/1491] Building C object esp-idf/bt/CMakeFiles/__idf_bt.dir/host/bluedroid/stack/gap/gap_utils.c.obj
[1130/1491] Building C object esp-idf/bt/CMakeFiles/__idf_bt.dir/host/bluedroid/stack/btu/btu_task.c.obj
[1131/1491] Building C object esp-idf/bt/CMakeFiles/__idf_bt.dir/host/bluedroid/stack/gap/gap_ble.c.obj
[1132/1491] Building C object esp-idf/bt/CMakeFiles/__idf_bt.dir/host/bluedroid/stack/gatt/att_protocol.c.obj
[1133/1491] Building C object esp-idf/bt/CMakeFiles/__idf_bt.dir/host/bluedroid/stack/gatt/gatt_attr.c.obj
[1134/1491] Building C object esp-idf/bt/CMakeFiles/__idf_bt.dir/host/bluedroid/stack/goep/goepc_main.c.obj
[1135/1491] Building C object esp-idf/bt/CMakeFiles/__idf_bt.dir/host/bluedroid/stack/gatt/gatt_api.c.obj
[1136/1491] Building C object esp-idf/bt/CMakeFiles/__idf_bt.dir/host/bluedroid/stack/goep/goepc_api.c.obj
[1137/1491] Building C object esp-idf/bt/CMakeFiles/__idf_bt.dir/host/bluedroid/stack/gatt/gatt_auth.c.obj
[1138/1491] Building C object esp-idf/bt/CMakeFiles/__idf_bt.dir/host/bluedroid/stack/gatt/gatt_sr_hash.c.obj
[1139/1491] Building C object esp-idf/bt/CMakeFiles/__idf_bt.dir/host/bluedroid/stack/btm/btm_sec.c.obj
[1140/1491] Building C object esp-idf/bt/CMakeFiles/__idf_bt.dir/host/bluedroid/stack/gatt/gatt_main.c.obj
[1141/1491] Building C object esp-idf/bt/CMakeFiles/__idf_bt.dir/host/bluedroid/stack/gatt/gatt_cl.c.obj
[1142/1491] Building C object esp-idf/bt/CMakeFiles/__idf_bt.dir/host/bluedroid/stack/gatt/gatt_db.c.obj
[1143/1491] Building C object esp-idf/bt/CMakeFiles/__idf_bt.dir/host/bluedroid/stack/gatt/gatt_sr.c.obj
[1144/1491] Building C object esp-idf/bt/CMakeFiles/__idf_bt.dir/host/bluedroid/stack/l2cap/l2c_fcr.c.obj
[1145/1491] Building C object esp-idf/bt/CMakeFiles/__idf_bt.dir/host/bluedroid/stack/l2cap/l2cap_client.c.obj
[1146/1491] Building C object esp-idf/bt/CMakeFiles/__idf_bt.dir/host/bluedroid/stack/hcic/hciblecmds.c.obj
[1147/1491] Building C object esp-idf/bt/CMakeFiles/__idf_bt.dir/host/bluedroid/stack/l2cap/l2c_csm.c.obj
[1148/1491] Building C object esp-idf/bt/CMakeFiles/__idf_bt.dir/host/bluedroid/stack/l2cap/l2c_api.c.obj
[1149/1491] Building C object esp-idf/bt/CMakeFiles/__idf_bt.dir/host/bluedroid/stack/gatt/gatt_utils.c.obj
[1150/1491] Building C object esp-idf/bt/CMakeFiles/__idf_bt.dir/host/bluedroid/stack/l2cap/l2c_ucd.c.obj
[1151/1491] Building C object esp-idf/bt/CMakeFiles/__idf_bt.dir/host/bluedroid/stack/obex/obex_main.c.obj
[1152/1491] Building C object esp-idf/bt/CMakeFiles/__idf_bt.dir/host/bluedroid/stack/l2cap/l2c_link.c.obj
[1153/1491] Building C object esp-idf/bt/CMakeFiles/__idf_bt.dir/host/bluedroid/stack/l2cap/l2c_main.c.obj
[1154/1491] Building C object esp-idf/bt/CMakeFiles/__idf_bt.dir/host/bluedroid/stack/obex/obex_api.c.obj
[1155/1491] Building C object esp-idf/bt/CMakeFiles/__idf_bt.dir/host/bluedroid/stack/l2cap/l2c_ble.c.obj
[1156/1491] Building C object esp-idf/bt/CMakeFiles/__idf_bt.dir/host/bluedroid/stack/hcic/hcicmds.c.obj
[1157/1491] Building C object esp-idf/bt/CMakeFiles/__idf_bt.dir/host/bluedroid/stack/obex/obex_tl_l2cap.c.obj
[1158/1491] Building C object esp-idf/bt/CMakeFiles/__idf_bt.dir/host/bluedroid/stack/obex/obex_tl_rfcomm.c.obj
[1159/1491] Building C object esp-idf/bt/CMakeFiles/__idf_bt.dir/host/bluedroid/stack/rfcomm/port_api.c.obj
[1160/1491] Building C object esp-idf/bt/CMakeFiles/__idf_bt.dir/host/bluedroid/stack/rfcomm/port_rfc.c.obj
[1161/1491] Building C object esp-idf/bt/CMakeFiles/__idf_bt.dir/host/bluedroid/stack/rfcomm/rfc_mx_fsm.c.obj
[1162/1491] Building C object esp-idf/bt/CMakeFiles/__idf_bt.dir/host/bluedroid/stack/l2cap/l2c_utils.c.obj
[1163/1491] Building C object esp-idf/bt/CMakeFiles/__idf_bt.dir/host/bluedroid/stack/rfcomm/rfc_l2cap_if.c.obj
[1164/1491] Building C object esp-idf/bt/CMakeFiles/__idf_bt.dir/host/bluedroid/stack/rfcomm/rfc_port_if.c.obj
[1165/1491] Building C object esp-idf/bt/CMakeFiles/__idf_bt.dir/host/bluedroid/stack/rfcomm/rfc_port_fsm.c.obj
[1166/1491] Building C object esp-idf/bt/CMakeFiles/__idf_bt.dir/host/bluedroid/stack/rfcomm/rfc_ts_frames.c.obj
[1167/1491] Building C object esp-idf/bt/CMakeFiles/__idf_bt.dir/host/bluedroid/stack/rfcomm/port_utils.c.obj
[1168/1491] Building C object esp-idf/bt/CMakeFiles/__idf_bt.dir/host/bluedroid/stack/rfcomm/rfc_utils.c.obj
[1169/1491] Building C object esp-idf/bt/CMakeFiles/__idf_bt.dir/host/bluedroid/stack/sdp/sdp_api.c.obj
[1170/1491] Building C object esp-idf/bt/CMakeFiles/__idf_bt.dir/host/bluedroid/stack/sdp/sdp_db.c.obj
[1171/1491] Building C object esp-idf/bt/CMakeFiles/__idf_bt.dir/host/bluedroid/stack/sdp/sdp_discovery.c.obj
[1172/1491] Building C object esp-idf/bt/CMakeFiles/__idf_bt.dir/host/bluedroid/stack/smp/aes.c.obj
[1173/1491] Building C object esp-idf/bt/CMakeFiles/__idf_bt.dir/host/bluedroid/stack/smp/p_256_multprecision.c.obj
[1174/1491] Building C object esp-idf/bt/CMakeFiles/__idf_bt.dir/host/bluedroid/stack/smp/p_256_curvepara.c.obj
[1175/1491] Building C object esp-idf/bt/CMakeFiles/__idf_bt.dir/host/bluedroid/stack/smp/p_256_ecc_pp.c.obj
[1176/1491] Building C object esp-idf/bt/CMakeFiles/__idf_bt.dir/host/bluedroid/stack/sdp/sdp_main.c.obj
[1177/1491] Building C object esp-idf/bt/CMakeFiles/__idf_bt.dir/host/bluedroid/stack/sdp/sdp_utils.c.obj
[1178/1491] Building C object esp-idf/bt/CMakeFiles/__idf_bt.dir/host/bluedroid/config/stack_config.c.obj
[1179/1491] Building C object esp-idf/bt/CMakeFiles/__idf_bt.dir/host/bluedroid/stack/sdp/sdp_server.c.obj
[1180/1491] Building C object esp-idf/bt/CMakeFiles/__idf_bt.dir/host/bluedroid/stack/smp/smp_br_main.c.obj
[1181/1491] Building C object esp-idf/bt/CMakeFiles/__idf_bt.dir/host/bluedroid/stack/smp/smp_api.c.obj
[1182/1491] Building C object esp-idf/bt/CMakeFiles/__idf_bt.dir/host/bluedroid/stack/smp/smp_cmac.c.obj
[1183/1491] Building C object esp-idf/bt/CMakeFiles/__idf_bt.dir/host/bluedroid/stack/smp/smp_main.c.obj
[1184/1491] Building C object esp-idf/bt/CMakeFiles/__idf_bt.dir/host/bluedroid/stack/smp/smp_l2c.c.obj
[1185/1491] Building C object esp-idf/bt/CMakeFiles/__idf_bt.dir/esp_ble_mesh/api/core/esp_ble_mesh_ble_api.c.obj
[1186/1491] Building C object esp-idf/bt/CMakeFiles/__idf_bt.dir/esp_ble_mesh/api/core/esp_ble_mesh_common_api.c.obj
[1187/1491] Building C object esp-idf/bt/CMakeFiles/__idf_bt.dir/host/bluedroid/stack/smp/smp_act.c.obj
[1188/1491] Building C object esp-idf/bt/CMakeFiles/__idf_bt.dir/esp_ble_mesh/api/core/esp_ble_mesh_local_data_operation_api.c.obj
[1189/1491] Building C object esp-idf/bt/CMakeFiles/__idf_bt.dir/common/btc/profile/esp/blufi/bluedroid_host/esp_blufi.c.obj
[1190/1491] Building C object esp-idf/bt/CMakeFiles/__idf_bt.dir/esp_ble_mesh/api/core/esp_ble_mesh_low_power_api.c.obj
[1191/1491] Building C object esp-idf/bt/CMakeFiles/__idf_bt.dir/host/bluedroid/stack/smp/smp_utils.c.obj
[1192/1491] Building C object esp-idf/bt/CMakeFiles/__idf_bt.dir/esp_ble_mesh/api/core/esp_ble_mesh_networking_api.c.obj
[1193/1491] Building C object esp-idf/bt/CMakeFiles/__idf_bt.dir/esp_ble_mesh/api/models/esp_ble_mesh_config_model_api.c.obj
[1194/1491] Building C object esp-idf/bt/CMakeFiles/__idf_bt.dir/host/bluedroid/stack/smp/smp_keys.c.obj
[1195/1491] Building C object esp-idf/bt/CMakeFiles/__idf_bt.dir/esp_ble_mesh/api/core/esp_ble_mesh_provisioning_api.c.obj
[1196/1491] Building C object esp-idf/bt/CMakeFiles/__idf_bt.dir/esp_ble_mesh/api/core/esp_ble_mesh_proxy_api.c.obj
[1197/1491] Building C object esp-idf/bt/CMakeFiles/__idf_bt.dir/esp_ble_mesh/api/models/esp_ble_mesh_generic_model_api.c.obj
[1198/1491] Building C object esp-idf/bt/CMakeFiles/__idf_bt.dir/esp_ble_mesh/api/models/esp_ble_mesh_health_model_api.c.obj
[1199/1491] Building C object esp-idf/bt/CMakeFiles/__idf_bt.dir/esp_ble_mesh/api/models/esp_ble_mesh_sensor_model_api.c.obj
[1200/1491] Building C object esp-idf/bt/CMakeFiles/__idf_bt.dir/esp_ble_mesh/api/models/esp_ble_mesh_lighting_model_api.c.obj
[1201/1491] Building C object esp-idf/bt/CMakeFiles/__idf_bt.dir/esp_ble_mesh/core/bluedroid_host/adapter.c.obj
[1202/1491] Building C object esp-idf/bt/CMakeFiles/__idf_bt.dir/esp_ble_mesh/api/models/esp_ble_mesh_time_scene_model_api.c.obj
[1203/1491] Building C object esp-idf/bt/CMakeFiles/__idf_bt.dir/esp_ble_mesh/btc/btc_ble_mesh_ble.c.obj
[1204/1491] Building C object esp-idf/bt/CMakeFiles/__idf_bt.dir/esp_ble_mesh/common/atomic.c.obj
[1205/1491] Building C object esp-idf/bt/CMakeFiles/__idf_bt.dir/esp_ble_mesh/btc/btc_ble_mesh_config_model.c.obj
[1206/1491] Building C object esp-idf/bt/CMakeFiles/__idf_bt.dir/esp_ble_mesh/btc/btc_ble_mesh_health_model.c.obj
[1207/1491] Building C object esp-idf/bt/CMakeFiles/__idf_bt.dir/esp_ble_mesh/btc/btc_ble_mesh_lighting_model.c.obj
[1208/1491] Building C object esp-idf/bt/CMakeFiles/__idf_bt.dir/esp_ble_mesh/btc/btc_ble_mesh_sensor_model.c.obj
[1209/1491] Building C object esp-idf/bt/CMakeFiles/__idf_bt.dir/esp_ble_mesh/btc/btc_ble_mesh_time_scene_model.c.obj
[1210/1491] Building C object esp-idf/bt/CMakeFiles/__idf_bt.dir/esp_ble_mesh/common/kernel.c.obj
[1211/1491] Building C object esp-idf/bt/CMakeFiles/__idf_bt.dir/esp_ble_mesh/common/common.c.obj
[1212/1491] Building C object esp-idf/bt/CMakeFiles/__idf_bt.dir/esp_ble_mesh/btc/btc_ble_mesh_generic_model.c.obj
[1213/1491] Building C object esp-idf/bt/CMakeFiles/__idf_bt.dir/esp_ble_mesh/common/utils.c.obj
[1214/1491] Building C object esp-idf/bt/CMakeFiles/__idf_bt.dir/esp_ble_mesh/common/buf.c.obj
[1215/1491] Building C object esp-idf/bt/CMakeFiles/__idf_bt.dir/esp_ble_mesh/common/mutex.c.obj
[1216/1491] Building C object esp-idf/bt/CMakeFiles/__idf_bt.dir/esp_ble_mesh/common/queue.c.obj
[1217/1491] Building C object esp-idf/bt/CMakeFiles/__idf_bt.dir/esp_ble_mesh/common/timer.c.obj
[1218/1491] Building C object esp-idf/bt/CMakeFiles/__idf_bt.dir/esp_ble_mesh/btc/btc_ble_mesh_prov.c.obj
[1219/1491] Building C object esp-idf/bt/CMakeFiles/__idf_bt.dir/esp_ble_mesh/core/storage/settings_uid.c.obj
[1220/1491] Building C object esp-idf/bt/CMakeFiles/__idf_bt.dir/esp_ble_mesh/core/storage/settings_nvs.c.obj
[1221/1491] Building C object esp-idf/bt/CMakeFiles/__idf_bt.dir/esp_ble_mesh/core/adv_common.c.obj
[1222/1491] Building C object esp-idf/bt/CMakeFiles/__idf_bt.dir/esp_ble_mesh/core/beacon.c.obj
[1223/1491] Building C object esp-idf/bt/CMakeFiles/__idf_bt.dir/esp_ble_mesh/core/cfg_cli.c.obj
[1224/1491] Building C object esp-idf/bt/CMakeFiles/__idf_bt.dir/esp_ble_mesh/core/fast_prov.c.obj
[1225/1491] Building C object esp-idf/bt/CMakeFiles/__idf_bt.dir/esp_ble_mesh/core/access.c.obj
[1226/1491] Building C object esp-idf/bt/CMakeFiles/__idf_bt.dir/esp_ble_mesh/core/health_cli.c.obj
[1227/1491] Building C object esp-idf/bt/CMakeFiles/__idf_bt.dir/esp_ble_mesh/core/friend.c.obj
[1228/1491] Building C object esp-idf/bt/CMakeFiles/__idf_bt.dir/esp_ble_mesh/core/crypto.c.obj
[1229/1491] Building C object esp-idf/bt/CMakeFiles/__idf_bt.dir/esp_ble_mesh/core/heartbeat.c.obj
[1230/1491] Building C object esp-idf/bt/CMakeFiles/__idf_bt.dir/esp_ble_mesh/core/lpn.c.obj
[1231/1491] Building C object esp-idf/bt/CMakeFiles/__idf_bt.dir/esp_ble_mesh/core/local.c.obj
[1232/1491] Building C object esp-idf/bt/CMakeFiles/__idf_bt.dir/esp_ble_mesh/core/health_srv.c.obj
[1233/1491] Building C object esp-idf/bt/CMakeFiles/__idf_bt.dir/esp_ble_mesh/core/storage/settings.c.obj
[1234/1491] Building C object esp-idf/bt/CMakeFiles/__idf_bt.dir/esp_ble_mesh/core/main.c.obj
[1235/1491] Building C object esp-idf/bt/CMakeFiles/__idf_bt.dir/esp_ble_mesh/core/prov_pvnr.c.obj
[1236/1491] Building C object esp-idf/bt/CMakeFiles/__idf_bt.dir/esp_ble_mesh/core/proxy_client.c.obj
[1237/1491] Building C object esp-idf/bt/CMakeFiles/__idf_bt.dir/esp_ble_mesh/models/common/model_common.c.obj
[1238/1491] Building C object esp-idf/bt/CMakeFiles/__idf_bt.dir/esp_ble_mesh/core/pvnr_mgmt.c.obj
[1239/1491] Building C object esp-idf/bt/CMakeFiles/__idf_bt.dir/esp_ble_mesh/core/prov_common.c.obj
[1240/1491] Building C object esp-idf/bt/CMakeFiles/__idf_bt.dir/esp_ble_mesh/core/rpl.c.obj
[1241/1491] Building C object esp-idf/bt/CMakeFiles/__idf_bt.dir/esp_ble_mesh/core/test.c.obj
[1242/1491] Building C object esp-idf/bt/CMakeFiles/__idf_bt.dir/esp_ble_mesh/models/common/device_property.c.obj
[1243/1491] Building C object esp-idf/bt/CMakeFiles/__idf_bt.dir/esp_ble_mesh/core/net.c.obj
[1244/1491] Building C object esp-idf/bt/CMakeFiles/__idf_bt.dir/esp_ble_mesh/core/scan.c.obj
[1245/1491] Building C object esp-idf/bt/CMakeFiles/__idf_bt.dir/esp_ble_mesh/core/prov_node.c.obj
[1246/1491] Building C object esp-idf/bt/CMakeFiles/__idf_bt.dir/esp_ble_mesh/models/client/sensor_client.c.obj
[1247/1491] Building C object esp-idf/bt/CMakeFiles/__idf_bt.dir/esp_ble_mesh/core/proxy_server.c.obj
[1248/1491] Building C object esp-idf/bt/CMakeFiles/__idf_bt.dir/esp_ble_mesh/models/client/client_common.c.obj
[1249/1491] Building C object esp-idf/bt/CMakeFiles/__idf_bt.dir/esp_ble_mesh/models/client/lighting_client.c.obj
[1250/1491] Building C object esp-idf/bt/CMakeFiles/__idf_bt.dir/esp_ble_mesh/models/client/time_scene_client.c.obj
[1251/1491] Building C object esp-idf/bt/CMakeFiles/__idf_bt.dir/esp_ble_mesh/core/cfg_srv.c.obj
[1252/1491] Building C object esp-idf/bt/CMakeFiles/__idf_bt.dir/esp_ble_mesh/models/server/sensor_server.c.obj
[1253/1491] Building C object esp-idf/bt/CMakeFiles/__idf_bt.dir/esp_ble_mesh/models/server/lighting_server.c.obj
[1254/1491] Building C object esp-idf/bt/CMakeFiles/__idf_bt.dir/esp_ble_mesh/models/server/state_binding.c.obj
[1255/1491] Building C object esp-idf/bt/CMakeFiles/__idf_bt.dir/esp_ble_mesh/models/server/server_common.c.obj
[1256/1491] Building C object esp-idf/bt/CMakeFiles/__idf_bt.dir/esp_ble_mesh/models/client/generic_client.c.obj
[1257/1491] Building C object esp-idf/bt/CMakeFiles/__idf_bt.dir/esp_ble_mesh/models/server/time_scene_server.c.obj
[1258/1491] Building C object esp-idf/bt/CMakeFiles/__idf_bt.dir/esp_ble_mesh/core/adv.c.obj
[1259/1491] Building C object esp-idf/bt/CMakeFiles/__idf_bt.dir/esp_ble_mesh/v1.1/api/core/esp_ble_mesh_agg_model_api.c.obj
[1260/1491] Building C object esp-idf/bt/CMakeFiles/__idf_bt.dir/esp_ble_mesh/common/crypto_tc.c.obj
[1261/1491] Building C object esp-idf/bt/CMakeFiles/__idf_bt.dir/esp_ble_mesh/v1.1/api/core/esp_ble_mesh_brc_model_api.c.obj
[1262/1491] Building C object esp-idf/bt/CMakeFiles/__idf_bt.dir/esp_ble_mesh/models/server/state_transition.c.obj
[1263/1491] Building C object esp-idf/bt/CMakeFiles/__idf_bt.dir/esp_ble_mesh/v1.1/api/core/esp_ble_mesh_cm_data_api.c.obj
[1264/1491] Building C object esp-idf/bt/CMakeFiles/__idf_bt.dir/esp_ble_mesh/v1.1/api/core/esp_ble_mesh_df_model_api.c.obj
[1265/1491] Building C object esp-idf/bt/CMakeFiles/__idf_bt.dir/esp_ble_mesh/v1.1/api/core/esp_ble_mesh_odp_model_api.c.obj
[1266/1491] Building C object esp-idf/bt/CMakeFiles/__idf_bt.dir/esp_ble_mesh/v1.1/api/core/esp_ble_mesh_lcd_model_api.c.obj
[1267/1491] Building C object esp-idf/bt/CMakeFiles/__idf_bt.dir/esp_ble_mesh/v1.1/api/core/esp_ble_mesh_prb_model_api.c.obj
[1268/1491] Building C object esp-idf/bt/CMakeFiles/__idf_bt.dir/esp_ble_mesh/v1.1/api/core/esp_ble_mesh_rpr_model_api.c.obj
[1269/1491] Building C object esp-idf/bt/CMakeFiles/__idf_bt.dir/esp_ble_mesh/models/server/generic_server.c.obj
[1270/1491] Building C object esp-idf/bt/CMakeFiles/__idf_bt.dir/esp_ble_mesh/v1.1/api/core/esp_ble_mesh_sar_model_api.c.obj
[1271/1491] Building C object esp-idf/bt/CMakeFiles/__idf_bt.dir/esp_ble_mesh/v1.1/api/core/esp_ble_mesh_srpl_model_api.c.obj
[1272/1491] Building C object esp-idf/bt/CMakeFiles/__idf_bt.dir/esp_ble_mesh/v1.1/api/models/esp_ble_mesh_mbt_model_api.c.obj
[1273/1491] Building C object esp-idf/bt/CMakeFiles/__idf_bt.dir/esp_ble_mesh/v1.1/api/models/esp_ble_mesh_dfu_slot_api.c.obj
[1274/1491] Building C object esp-idf/bt/CMakeFiles/__idf_bt.dir/esp_ble_mesh/v1.1/api/models/esp_ble_mesh_dfu_model_api.c.obj
[1275/1491] Building C object esp-idf/bt/CMakeFiles/__idf_bt.dir/esp_ble_mesh/v1.1/btc/btc_ble_mesh_agg_model.c.obj
[1276/1491] Building C object esp-idf/bt/CMakeFiles/__idf_bt.dir/esp_ble_mesh/v1.1/btc/btc_ble_mesh_brc_model.c.obj
[1277/1491] Building C object esp-idf/bt/CMakeFiles/__idf_bt.dir/esp_ble_mesh/v1.1/btc/btc_ble_mesh_dfu_slot.c.obj
[1278/1491] Building C object esp-idf/bt/CMakeFiles/__idf_bt.dir/esp_ble_mesh/v1.1/btc/btc_ble_mesh_df_model.c.obj
[1279/1491] Building C object esp-idf/bt/CMakeFiles/__idf_bt.dir/esp_ble_mesh/v1.1/btc/btc_ble_mesh_dfu_model.c.obj
[1280/1491] Building C object esp-idf/bt/CMakeFiles/__idf_bt.dir/esp_ble_mesh/v1.1/btc/btc_ble_mesh_lcd_model.c.obj
[1281/1491] Building C object esp-idf/bt/CMakeFiles/__idf_bt.dir/esp_ble_mesh/v1.1/btc/btc_ble_mesh_mbt_model.c.obj
[1282/1491] Building C object esp-idf/bt/CMakeFiles/__idf_bt.dir/esp_ble_mesh/v1.1/btc/btc_ble_mesh_odp_model.c.obj
[1283/1491] Building C object esp-idf/bt/CMakeFiles/__idf_bt.dir/esp_ble_mesh/v1.1/btc/btc_ble_mesh_prb_model.c.obj
[1284/1491] Building C object esp-idf/bt/CMakeFiles/__idf_bt.dir/esp_ble_mesh/v1.1/mbt/blob_srv.c.obj
[1285/1491] Building C object esp-idf/bt/CMakeFiles/__idf_bt.dir/esp_ble_mesh/v1.1/btc/btc_ble_mesh_rpr_model.c.obj
[1286/1491] Building C object esp-idf/bt/CMakeFiles/__idf_bt.dir/esp_ble_mesh/v1.1/btc/btc_ble_mesh_sar_model.c.obj
[1287/1491] Building C object esp-idf/bt/CMakeFiles/__idf_bt.dir/esp_ble_mesh/v1.1/mbt/blob_cli.c.obj
[1288/1491] Building C object esp-idf/bt/CMakeFiles/__idf_bt.dir/esp_ble_mesh/v1.1/btc/btc_ble_mesh_srpl_model.c.obj
[1289/1491] Building C object esp-idf/bt/CMakeFiles/__idf_bt.dir/esp_ble_mesh/v1.1/dfu/dfu_srv.c.obj
[1290/1491] Building C object esp-idf/bt/CMakeFiles/__idf_bt.dir/esp_ble_mesh/v1.1/dfu/dfu_slot.c.obj
[1291/1491] Building C object esp-idf/console/CMakeFiles/__idf_console.dir/split_argv.c.obj
[1292/1491] Building C object esp-idf/bt/CMakeFiles/__idf_bt.dir/esp_ble_mesh/v1.1/dfu/dfu_cli.c.obj
[1293/1491] Building C object esp-idf/console/CMakeFiles/__idf_console.dir/esp_console_repl_internal.c.obj
[1294/1491] Building C object esp-idf/bt/CMakeFiles/__idf_bt.dir/esp_ble_mesh/v1.1/dfu/dfu_metadata.c.obj
[1295/1491] Building C object esp-idf/bt/CMakeFiles/__idf_bt.dir/esp_ble_mesh/v1.1/dfu/dfd_srv.c.obj
[1296/1491] Building C object esp-idf/console/CMakeFiles/__idf_console.dir/esp_console_common.c.obj
[1297/1491] Building C object esp-idf/console/CMakeFiles/__idf_console.dir/commands.c.obj
[1298/1491] Building C object esp-idf/console/CMakeFiles/__idf_console.dir/argtable3/arg_cmd.c.obj
[1299/1491] Building C object esp-idf/console/CMakeFiles/__idf_console.dir/argtable3/arg_dbl.c.obj
[1300/1491] Building C object esp-idf/console/CMakeFiles/__idf_console.dir/argtable3/arg_end.c.obj
[1301/1491] Building C object esp-idf/console/CMakeFiles/__idf_console.dir/argtable3/arg_dstr.c.obj
[1302/1491] Building C object esp-idf/console/CMakeFiles/__idf_console.dir/argtable3/arg_file.c.obj
[1303/1491] Building C object esp-idf/bt/CMakeFiles/__idf_bt.dir/esp_ble_mesh/v1.1/dfu/dfd_cli.c.obj
[1304/1491] Building C object esp-idf/console/CMakeFiles/__idf_console.dir/argtable3/arg_date.c.obj
[1305/1491] Building C object esp-idf/console/CMakeFiles/__idf_console.dir/argtable3/arg_lit.c.obj
[1306/1491] Building C object esp-idf/console/CMakeFiles/__idf_console.dir/esp_console_repl_chip.c.obj
[1307/1491] Building C object esp-idf/console/CMakeFiles/__idf_console.dir/argtable3/arg_int.c.obj
[1308/1491] Building C object esp-idf/console/CMakeFiles/__idf_console.dir/argtable3/arg_rem.c.obj
[1309/1491] Building C object esp-idf/console/CMakeFiles/__idf_console.dir/argtable3/arg_hashtable.c.obj
[1310/1491] Building C object esp-idf/unity/CMakeFiles/__idf_unity.dir/unity_compat.c.obj
[1311/1491] Building C object esp-idf/console/CMakeFiles/__idf_console.dir/argtable3/arg_str.c.obj
[1312/1491] Building C object esp-idf/console/CMakeFiles/__idf_console.dir/argtable3/arg_utils.c.obj
[1313/1491] Building C object esp-idf/console/CMakeFiles/__idf_console.dir/linenoise/linenoise.c.obj
[1314/1491] Building C object esp-idf/unity/CMakeFiles/__idf_unity.dir/unity_runner.c.obj
[1315/1491] Building C object esp-idf/unity/CMakeFiles/__idf_unity.dir/unity_utils_freertos.c.obj
[1316/1491] Building C object esp-idf/console/CMakeFiles/__idf_console.dir/argtable3/argtable3.c.obj
[1317/1491] Building C object esp-idf/unity/CMakeFiles/__idf_unity.dir/unity_utils_cache.c.obj
[1318/1491] Building C object esp-idf/console/CMakeFiles/__idf_console.dir/argtable3/arg_rex.c.obj
[1319/1491] Building C object esp-idf/unity/CMakeFiles/__idf_unity.dir/port/esp/unity_utils_memory_esp.c.obj
[1320/1491] Building C object esp-idf/unity/CMakeFiles/__idf_unity.dir/unity_utils_memory.c.obj
[1321/1491] Building C object esp-idf/protocomm/CMakeFiles/__idf_protocomm.dir/proto-c/constants.pb-c.c.obj
[1322/1491] Building C object esp-idf/unity/CMakeFiles/__idf_unity.dir/unity_port_esp32.c.obj
[1323/1491] Building C object esp-idf/protocomm/CMakeFiles/__idf_protocomm.dir/proto-c/sec0.pb-c.c.obj
[1324/1491] Building C object esp-idf/protocomm/CMakeFiles/__idf_protocomm.dir/proto-c/session.pb-c.c.obj
[1325/1491] Linking C static library esp-idf/console/libconsole.a
[1326/1491] Building C object esp-idf/protocomm/CMakeFiles/__idf_protocomm.dir/proto-c/sec1.pb-c.c.obj
[1327/1491] Building C object esp-idf/protocomm/CMakeFiles/__idf_protocomm.dir/proto-c/sec2.pb-c.c.obj
[1328/1491] Building C object esp-idf/protocomm/CMakeFiles/__idf_protocomm.dir/src/transports/protocomm_console.c.obj
[1329/1491] Building C object esp-idf/bt/CMakeFiles/__idf_bt.dir/esp_ble_mesh/core/transport.c.obj
[1330/1491] Building C object esp-idf/unity/CMakeFiles/__idf_unity.dir/unity/src/unity.c.obj
[1331/1491] Building C object esp-idf/protocomm/CMakeFiles/__idf_protocomm.dir/src/common/protocomm.c.obj
[1332/1491] Building C object esp-idf/protocomm/CMakeFiles/__idf_protocomm.dir/src/crypto/srp6a/esp_srp_mpi.c.obj
[1333/1491] Building C object esp-idf/protocomm/CMakeFiles/__idf_protocomm.dir/src/transports/protocomm_httpd.c.obj
[1334/1491] Building C object esp-idf/protocomm/CMakeFiles/__idf_protocomm.dir/src/security/security0.c.obj
[1335/1491] Building C object esp-idf/esp_https_server/CMakeFiles/__idf_esp_https_server.dir/src/https_server.c.obj
[1336/1491] Building C object esp-idf/protocomm/CMakeFiles/__idf_protocomm.dir/src/crypto/srp6a/esp_srp.c.obj
[1337/1491] Building C object esp-idf/protocomm/CMakeFiles/__idf_protocomm.dir/src/simple_ble/simple_ble.c.obj
[1338/1491] Building C object esp-idf/protocomm/CMakeFiles/__idf_protocomm.dir/src/security/security1.c.obj
[1339/1491] Building C object esp-idf/protocomm/CMakeFiles/__idf_protocomm.dir/src/security/security2.c.obj
[1340/1491] Building CXX object esp-idf/wear_levelling/CMakeFiles/__idf_wear_levelling.dir/crc32.cpp.obj
[1341/1491] Building CXX object esp-idf/wear_levelling/CMakeFiles/__idf_wear_levelling.dir/Partition.cpp.obj
[1342/1491] Building CXX object esp-idf/wear_levelling/CMakeFiles/__idf_wear_levelling.dir/WL_Ext_Perf.cpp.obj
[1343/1491] Building C object esp-idf/protobuf-c/CMakeFiles/__idf_protobuf-c.dir/protobuf-c/protobuf-c/protobuf-c.c.obj
[1344/1491] Building CXX object esp-idf/wear_levelling/CMakeFiles/__idf_wear_levelling.dir/SPI_Flash.cpp.obj
[1345/1491] Building CXX object esp-idf/wear_levelling/CMakeFiles/__idf_wear_levelling.dir/WL_Ext_Safe.cpp.obj
[1346/1491] Building CXX object esp-idf/wear_levelling/CMakeFiles/__idf_wear_levelling.dir/wear_levelling.cpp.obj
[1347/1491] Linking C static library esp-idf/protobuf-c/libprotobuf-c.a
[1348/1491] Building C object esp-idf/protocomm/CMakeFiles/__idf_protocomm.dir/src/transports/protocomm_ble.c.obj
[1349/1491] Linking C static library esp-idf/unity/libunity.a
[1350/1491] Building C object esp-idf/app_trace/CMakeFiles/__idf_app_trace.dir/app_trace_util.c.obj
[1351/1491] Building C object esp-idf/app_trace/CMakeFiles/__idf_app_trace.dir/host_file_io.c.obj
[1352/1491] Building C object esp-idf/app_trace/CMakeFiles/__idf_app_trace.dir/port/port_uart.c.obj
[1353/1491] Building C object esp-idf/cmock/CMakeFiles/__idf_cmock.dir/CMock/src/cmock.c.obj
[1354/1491] Building C object esp-idf/json/CMakeFiles/__idf_json.dir/cJSON/cJSON_Utils.c.obj
[1355/1491] Building C object esp-idf/app_trace/CMakeFiles/__idf_app_trace.dir/app_trace.c.obj
[1356/1491] Building C object esp-idf/esp_driver_cam/CMakeFiles/__idf_esp_driver_cam.dir/esp_cam_ctlr.c.obj
[1357/1491] Building C object esp-idf/example_init/CMakeFiles/__idf_example_init.dir/ble_mesh_example_init.c.obj
[1358/1491] Building CXX object esp-idf/wear_levelling/CMakeFiles/__idf_wear_levelling.dir/WL_Flash.cpp.obj
[1359/1491] Building C object esp-idf/esp_driver_cam/CMakeFiles/__idf_esp_driver_cam.dir/dvp_share_ctrl.c.obj
[1360/1491] Building C object esp-idf/esp_driver_cam/CMakeFiles/__idf_esp_driver_cam.dir/dvp/src/esp_cam_ctlr_dvp_gdma.c.obj
[1361/1491] Building C object esp-idf/bt/CMakeFiles/__idf_bt.dir/esp_ble_mesh/lib/ext.c.obj
[1362/1491] Building C object esp-idf/json/CMakeFiles/__idf_json.dir/cJSON/cJSON.c.obj
[1363/1491] Building C object esp-idf/esp_hid/CMakeFiles/__idf_esp_hid.dir/src/esp_hidd.c.obj
[1364/1491] Building C object esp-idf/esp_eth/CMakeFiles/__idf_esp_eth.dir/src/esp_eth_netif_glue.c.obj
[1365/1491] Building C object esp-idf/esp_hid/CMakeFiles/__idf_esp_hid.dir/src/esp_hid_common.c.obj
[1366/1491] Linking C static library esp-idf/esp_https_server/libesp_https_server.a
[1367/1491] Building C object esp-idf/esp_driver_touch_sens/CMakeFiles/__idf_esp_driver_touch_sens.dir/common/touch_sens_common.c.obj
[1368/1491] Building C object esp-idf/esp_hid/CMakeFiles/__idf_esp_hid.dir/src/bt_hidh.c.obj
[1369/1491] Building C object esp-idf/esp_hid/CMakeFiles/__idf_esp_hid.dir/src/bt_hidd.c.obj
[1370/1491] Building C object esp-idf/esp_hid/CMakeFiles/__idf_esp_hid.dir/src/esp_hidh.c.obj
[1371/1491] Building C object esp-idf/esp_driver_cam/CMakeFiles/__idf_esp_driver_cam.dir/dvp/src/esp_cam_ctlr_dvp_cam.c.obj
[1372/1491] Building C object esp-idf/esp_hid/CMakeFiles/__idf_esp_hid.dir/src/ble_hidd.c.obj
[1373/1491] Building C object esp-idf/esp_hid/CMakeFiles/__idf_esp_hid.dir/src/ble_hidh.c.obj
[1374/1491] Building C object esp-idf/esp_eth/CMakeFiles/__idf_esp_eth.dir/src/esp_eth.c.obj
[1375/1491] Building C object esp-idf/esp_eth/CMakeFiles/__idf_esp_eth.dir/src/phy/esp_eth_phy_802_3.c.obj
[1376/1491] Building C object esp-idf/esp_driver_touch_sens/CMakeFiles/__idf_esp_driver_touch_sens.dir/hw_ver2/touch_version_specific.c.obj
[1377/1491] Building C object esp-idf/esp_lcd/CMakeFiles/__idf_esp_lcd.dir/src/esp_lcd_common.c.obj
[1378/1491] Building C object esp-idf/esp_lcd/CMakeFiles/__idf_esp_lcd.dir/src/esp_lcd_panel_io.c.obj
[1379/1491] Building C object esp-idf/esp_lcd/CMakeFiles/__idf_esp_lcd.dir/src/esp_lcd_panel_ops.c.obj
[1380/1491] Building C object esp-idf/esp_lcd/CMakeFiles/__idf_esp_lcd.dir/src/esp_lcd_panel_ssd1306.c.obj
[1381/1491] Building C object esp-idf/esp_lcd/CMakeFiles/__idf_esp_lcd.dir/src/esp_lcd_panel_nt35510.c.obj
[1382/1491] Building C object esp-idf/esp_lcd/CMakeFiles/__idf_esp_lcd.dir/i2c/esp_lcd_panel_io_i2c_v2.c.obj
[1383/1491] Building C object esp-idf/esp_lcd/CMakeFiles/__idf_esp_lcd.dir/i2c/esp_lcd_panel_io_i2c_v1.c.obj
[1384/1491] Building C object esp-idf/esp_lcd/CMakeFiles/__idf_esp_lcd.dir/src/esp_lcd_panel_st7789.c.obj
[1385/1491] Building C object esp-idf/espcoredump/CMakeFiles/__idf_espcoredump.dir/src/core_dump_init.c.obj
[1386/1491] Building C object esp-idf/esp_local_ctrl/CMakeFiles/__idf_esp_local_ctrl.dir/src/esp_local_ctrl_handler.c.obj
[1387/1491] Building C object esp-idf/esp_local_ctrl/CMakeFiles/__idf_esp_local_ctrl.dir/proto-c/esp_local_ctrl.pb-c.c.obj
[1388/1491] Building C object esp-idf/esp_local_ctrl/CMakeFiles/__idf_esp_local_ctrl.dir/src/esp_local_ctrl_transport_httpd.c.obj
[1389/1491] Building C object esp-idf/esp_local_ctrl/CMakeFiles/__idf_esp_local_ctrl.dir/src/esp_local_ctrl.c.obj
[1390/1491] Building C object esp-idf/esp_local_ctrl/CMakeFiles/__idf_esp_local_ctrl.dir/src/esp_local_ctrl_transport_ble.c.obj
[1391/1491] Building C object esp-idf/esp_lcd/CMakeFiles/__idf_esp_lcd.dir/spi/esp_lcd_panel_io_spi.c.obj
[1392/1491] Building C object esp-idf/espcoredump/CMakeFiles/__idf_espcoredump.dir/src/core_dump_sha.c.obj
[1393/1491] Building C object esp-idf/espcoredump/CMakeFiles/__idf_espcoredump.dir/src/core_dump_crc.c.obj
[1394/1491] Building ASM object esp-idf/espcoredump/CMakeFiles/__idf_espcoredump.dir/src/port/xtensa/core_dump_stack_switch.S.obj
[1395/1491] Building C object esp-idf/espcoredump/CMakeFiles/__idf_espcoredump.dir/src/core_dump_common.c.obj
[1396/1491] Building C object esp-idf/espcoredump/CMakeFiles/__idf_espcoredump.dir/src/core_dump_uart.c.obj
[1397/1491] Linking C static library esp-idf/wear_levelling/libwear_levelling.a
[1398/1491] Building C object esp-idf/espcoredump/CMakeFiles/__idf_espcoredump.dir/src/port/xtensa/core_dump_port.c.obj
[1399/1491] Building C object esp-idf/espcoredump/CMakeFiles/__idf_espcoredump.dir/src/core_dump_elf.c.obj
[1400/1491] Building C object esp-idf/espcoredump/CMakeFiles/__idf_espcoredump.dir/src/core_dump_binary.c.obj
[1401/1491] Building C object esp-idf/espcoredump/CMakeFiles/__idf_espcoredump.dir/src/core_dump_flash.c.obj
[1402/1491] Building C object esp-idf/fatfs/CMakeFiles/__idf_fatfs.dir/diskio/diskio.c.obj
[1403/1491] Building C object esp-idf/fatfs/CMakeFiles/__idf_fatfs.dir/diskio/diskio_rawflash.c.obj
[1404/1491] Building C object esp-idf/esp_lcd/CMakeFiles/__idf_esp_lcd.dir/i80/esp_lcd_panel_io_i80.c.obj
[1405/1491] Building C object esp-idf/fatfs/CMakeFiles/__idf_fatfs.dir/src/ffunicode.c.obj
[1406/1491] Building C object esp-idf/fatfs/CMakeFiles/__idf_fatfs.dir/diskio/diskio_wl.c.obj
[1407/1491] Building C object esp-idf/fatfs/CMakeFiles/__idf_fatfs.dir/port/freertos/ffsystem.c.obj
[1408/1491] Building C object esp-idf/fatfs/CMakeFiles/__idf_fatfs.dir/diskio/diskio_sdmmc.c.obj
[1409/1491] Linking C static library esp-idf/json/libjson.a
[1410/1491] Building C object esp-idf/perfmon/CMakeFiles/__idf_perfmon.dir/xtensa_perfmon_access.c.obj
[1411/1491] Building C object esp-idf/mqtt/CMakeFiles/__idf_mqtt.dir/esp-mqtt/lib/platform_esp32_idf.c.obj
[1412/1491] Building C object esp-idf/nvs_sec_provider/CMakeFiles/__idf_nvs_sec_provider.dir/nvs_sec_provider.c.obj
[1413/1491] Building C object esp-idf/mqtt/CMakeFiles/__idf_mqtt.dir/esp-mqtt/lib/mqtt_outbox.c.obj
[1414/1491] Building C object esp-idf/perfmon/CMakeFiles/__idf_perfmon.dir/xtensa_perfmon_masks.c.obj
[1415/1491] Building C object esp-idf/fatfs/CMakeFiles/__idf_fatfs.dir/vfs/vfs_fat_sdmmc.c.obj
[1416/1491] Building C object esp-idf/perfmon/CMakeFiles/__idf_perfmon.dir/xtensa_perfmon_apis.c.obj
[1417/1491] Building C object esp-idf/mqtt/CMakeFiles/__idf_mqtt.dir/esp-mqtt/lib/mqtt_msg.c.obj
[1418/1491] Building C object esp-idf/fatfs/CMakeFiles/__idf_fatfs.dir/vfs/vfs_fat_spiflash.c.obj
[1419/1491] Building C object esp-idf/esp_lcd/CMakeFiles/__idf_esp_lcd.dir/rgb/esp_lcd_panel_rgb.c.obj
[1420/1491] Building C object esp-idf/spiffs/CMakeFiles/__idf_spiffs.dir/spiffs/src/spiffs_cache.c.obj
[1421/1491] Building C object esp-idf/spiffs/CMakeFiles/__idf_spiffs.dir/spiffs_api.c.obj
[1422/1491] Building C object esp-idf/rt/CMakeFiles/__idf_rt.dir/FreeRTOS_POSIX_mqueue.c.obj
[1423/1491] Building C object esp-idf/fatfs/CMakeFiles/__idf_fatfs.dir/vfs/vfs_fat.c.obj
[1424/1491] Building C object esp-idf/rt/CMakeFiles/__idf_rt.dir/FreeRTOS_POSIX_utils.c.obj
[1425/1491] Building C object esp-idf/spiffs/CMakeFiles/__idf_spiffs.dir/spiffs/src/spiffs_gc.c.obj
[1426/1491] Building C object esp-idf/spiffs/CMakeFiles/__idf_spiffs.dir/spiffs/src/spiffs_check.c.obj
[1427/1491] Building C object esp-idf/touch_element/CMakeFiles/__idf_touch_element.dir/touch_button.c.obj
[1428/1491] Building C object esp-idf/touch_element/CMakeFiles/__idf_touch_element.dir/touch_matrix.c.obj
[1429/1491] Building C object esp-idf/spiffs/CMakeFiles/__idf_spiffs.dir/spiffs/src/spiffs_hydrogen.c.obj
[1430/1491] Building C object esp-idf/fatfs/CMakeFiles/__idf_fatfs.dir/src/ff.c.obj
[1431/1491] Building C object esp-idf/touch_element/CMakeFiles/__idf_touch_element.dir/touch_slider.c.obj
[1432/1491] Building C object esp-idf/spiffs/CMakeFiles/__idf_spiffs.dir/esp_spiffs.c.obj
[1433/1491] Building C object esp-idf/usb/CMakeFiles/__idf_usb.dir/usb_private.c.obj
[1434/1491] Building C object esp-idf/usb/CMakeFiles/__idf_usb.dir/usb_helpers.c.obj
[1435/1491] Building C object esp-idf/usb/CMakeFiles/__idf_usb.dir/hub.c.obj
[1436/1491] Building C object esp-idf/touch_element/CMakeFiles/__idf_touch_element.dir/touch_element.c.obj
[1437/1491] Building C object esp-idf/wifi_provisioning/CMakeFiles/__idf_wifi_provisioning.dir/src/wifi_config.c.obj
[1438/1491] Building C object esp-idf/usb/CMakeFiles/__idf_usb.dir/enum.c.obj
[1439/1491] Building C object esp-idf/wifi_provisioning/CMakeFiles/__idf_wifi_provisioning.dir/src/wifi_ctrl.c.obj
[1440/1491] Building C object esp-idf/spiffs/CMakeFiles/__idf_spiffs.dir/spiffs/src/spiffs_nucleus.c.obj
[1441/1491] Building C object esp-idf/usb/CMakeFiles/__idf_usb.dir/usb_phy.c.obj
[1442/1491] Building C object esp-idf/mqtt/CMakeFiles/__idf_mqtt.dir/esp-mqtt/mqtt_client.c.obj
[1443/1491] Building C object esp-idf/wifi_provisioning/CMakeFiles/__idf_wifi_provisioning.dir/src/wifi_scan.c.obj
[1444/1491] Building C object esp-idf/wifi_provisioning/CMakeFiles/__idf_wifi_provisioning.dir/proto-c/wifi_constants.pb-c.c.obj
[1445/1491] Building C object esp-idf/wifi_provisioning/CMakeFiles/__idf_wifi_provisioning.dir/proto-c/wifi_ctrl.pb-c.c.obj
[1446/1491] Building C object esp-idf/wifi_provisioning/CMakeFiles/__idf_wifi_provisioning.dir/proto-c/wifi_scan.pb-c.c.obj
[1447/1491] Building C object esp-idf/wifi_provisioning/CMakeFiles/__idf_wifi_provisioning.dir/proto-c/wifi_config.pb-c.c.obj
[1448/1491] Building C object esp-idf/wifi_provisioning/CMakeFiles/__idf_wifi_provisioning.dir/src/scheme_console.c.obj
[1449/1491] Building C object esp-idf/wifi_provisioning/CMakeFiles/__idf_wifi_provisioning.dir/src/handlers.c.obj
[1450/1491] Building C object esp-idf/usb/CMakeFiles/__idf_usb.dir/usbh.c.obj
[1451/1491] Building C object esp-idf/usb/CMakeFiles/__idf_usb.dir/usb_host.c.obj
[1452/1491] Building C object esp-idf/main/CMakeFiles/__idf_main.dir/Users/kafka/Documents/Notion/esp-ble/stm32-project/common/protocol/event_protocol.c.obj
[1453/1491] Building C object esp-idf/usb/CMakeFiles/__idf_usb.dir/hcd_dwc.c.obj
[1454/1491] Building C object esp-idf/main/CMakeFiles/__idf_main.dir/serial_command.c.obj
[1455/1491] Building C object esp-idf/main/CMakeFiles/__idf_main.dir/Users/kafka/Documents/Notion/esp-ble/stm32-project/common/protocol/event_bridge.c.obj
[1456/1491] Building C object esp-idf/wifi_provisioning/CMakeFiles/__idf_wifi_provisioning.dir/src/scheme_softap.c.obj
[1457/1491] Linking C static library esp-idf/cmock/libcmock.a
[1458/1491] Linking C static library esp-idf/app_trace/libapp_trace.a
[1459/1491] Linking C static library esp-idf/esp_driver_cam/libesp_driver_cam.a
[1460/1491] Linking C static library esp-idf/esp_driver_touch_sens/libesp_driver_touch_sens.a
[1461/1491] Linking C static library esp-idf/esp_eth/libesp_eth.a
[1462/1491] Building C object esp-idf/main/CMakeFiles/__idf_main.dir/mesh_node.c.obj
FAILED: [code=1] esp-idf/main/CMakeFiles/__idf_main.dir/mesh_node.c.obj 
/Users/kafka/.espressif/tools/xtensa-esp-elf/esp-14.2.0_20260121/xtensa-esp-elf/bin/xtensa-esp32s3-elf-gcc -DESP_PLATFORM -DIDF_VER=\"v5.5.5\" -DSOC_MMU_PAGE_SIZE=CONFIG_MMU_PAGE_SIZE -DSOC_XTAL_FREQ_MHZ=CONFIG_XTAL_FREQ -D_GLIBCXX_HAVE_POSIX_SEMAPHORE -D_GLIBCXX_USE_POSIX_SEMAPHORE -D_GNU_SOURCE -D_POSIX_READER_WRITER_LOCKS -I/Users/kafka/Documents/Notion/esp-ble/stm32-project/integration/esp32-s3/build/config -I/Users/kafka/Documents/Notion/esp-ble/stm32-project/integration/esp32-s3/main -I/Users/kafka/Documents/Notion/esp-ble/stm32-project/common/protocol -I/Users/kafka/Documents/Notion/esp-ble/stm32-project/integration/stm32/MyApp/common -I/Users/kafka/esp/esp-idf-v5.5.5/components/newlib/platform_include -I/Users/kafka/esp/esp-idf-v5.5.5/components/freertos/config/include -I/Users/kafka/esp/esp-idf-v5.5.5/components/freertos/config/include/freertos -I/Users/kafka/esp/esp-idf-v5.5.5/components/freertos/config/xtensa/include -I/Users/kafka/esp/esp-idf-v5.5.5/components/freertos/FreeRTOS-Kernel/include -I/Users/kafka/esp/esp-idf-v5.5.5/components/freertos/FreeRTOS-Kernel/portable/xtensa/include -I/Users/kafka/esp/esp-idf-v5.5.5/components/freertos/FreeRTOS-Kernel/portable/xtensa/include/freertos -I/Users/kafka/esp/esp-idf-v5.5.5/components/freertos/esp_additions/include -I/Users/kafka/esp/esp-idf-v5.5.5/components/esp_hw_support/include -I/Users/kafka/esp/esp-idf-v5.5.5/components/esp_hw_support/include/soc -I/Users/kafka/esp/esp-idf-v5.5.5/components/esp_hw_support/include/soc/esp32s3 -I/Users/kafka/esp/esp-idf-v5.5.5/components/esp_hw_support/dma/include -I/Users/kafka/esp/esp-idf-v5.5.5/components/esp_hw_support/ldo/include -I/Users/kafka/esp/esp-idf-v5.5.5/components/esp_hw_support/debug_probe/include -I/Users/kafka/esp/esp-idf-v5.5.5/components/esp_hw_support/mspi_timing_tuning/include -I/Users/kafka/esp/esp-idf-v5.5.5/components/esp_hw_support/mspi_timing_tuning/tuning_scheme_impl/include -I/Users/kafka/esp/esp-idf-v5.5.5/components/esp_hw_support/power_supply/include -I/Users/kafka/esp/esp-idf-v5.5.5/components/esp_hw_support/port/esp32s3/. -I/Users/kafka/esp/esp-idf-v5.5.5/components/esp_hw_support/port/esp32s3/include -I/Users/kafka/esp/esp-idf-v5.5.5/components/esp_hw_support/mspi_timing_tuning/port/esp32s3/. -I/Users/kafka/esp/esp-idf-v5.5.5/components/esp_hw_support/mspi_timing_tuning/port/esp32s3/include -I/Users/kafka/esp/esp-idf-v5.5.5/components/heap/include -I/Users/kafka/esp/esp-idf-v5.5.5/components/heap/tlsf -I/Users/kafka/esp/esp-idf-v5.5.5/components/log/include -I/Users/kafka/esp/esp-idf-v5.5.5/components/soc/include -I/Users/kafka/esp/esp-idf-v5.5.5/components/soc/esp32s3 -I/Users/kafka/esp/esp-idf-v5.5.5/components/soc/esp32s3/include -I/Users/kafka/esp/esp-idf-v5.5.5/components/soc/esp32s3/register -I/Users/kafka/esp/esp-idf-v5.5.5/components/hal/platform_port/include -I/Users/kafka/esp/esp-idf-v5.5.5/components/hal/esp32s3/include -I/Users/kafka/esp/esp-idf-v5.5.5/components/hal/include -I/Users/kafka/esp/esp-idf-v5.5.5/components/esp_rom/include -I/Users/kafka/esp/esp-idf-v5.5.5/components/esp_rom/esp32s3/include -I/Users/kafka/esp/esp-idf-v5.5.5/components/esp_rom/esp32s3/include/esp32s3 -I/Users/kafka/esp/esp-idf-v5.5.5/components/esp_rom/esp32s3 -I/Users/kafka/esp/esp-idf-v5.5.5/components/esp_common/include -I/Users/kafka/esp/esp-idf-v5.5.5/components/esp_system/include -I/Users/kafka/esp/esp-idf-v5.5.5/components/esp_system/port/soc -I/Users/kafka/esp/esp-idf-v5.5.5/components/esp_system/port/include/private -I/Users/kafka/esp/esp-idf-v5.5.5/components/xtensa/esp32s3/include -I/Users/kafka/esp/esp-idf-v5.5.5/components/xtensa/include -I/Users/kafka/esp/esp-idf-v5.5.5/components/xtensa/deprecated_include -I/Users/kafka/esp/esp-idf-v5.5.5/components/lwip/include -I/Users/kafka/esp/esp-idf-v5.5.5/components/lwip/include/apps -I/Users/kafka/esp/esp-idf-v5.5.5/components/lwip/include/apps/sntp -I/Users/kafka/esp/esp-idf-v5.5.5/components/lwip/lwip/src/include -I/Users/kafka/esp/esp-idf-v5.5.5/components/lwip/port/include -I/Users/kafka/esp/esp-idf-v5.5.5/components/lwip/port/freertos/include -I/Users/kafka/esp/esp-idf-v5.5.5/components/lwip/port/esp32xx/include -I/Users/kafka/esp/esp-idf-v5.5.5/components/lwip/port/esp32xx/include/arch -I/Users/kafka/esp/esp-idf-v5.5.5/components/lwip/port/esp32xx/include/sys -I/Users/kafka/esp/esp-idf-v5.5.5/components/bt/common/osi/include -I/Users/kafka/esp/esp-idf-v5.5.5/components/bt/common/api/include/api -I/Users/kafka/esp/esp-idf-v5.5.5/components/bt/common/btc/profile/esp/blufi/include -I/Users/kafka/esp/esp-idf-v5.5.5/components/bt/common/btc/profile/esp/include -I/Users/kafka/esp/esp-idf-v5.5.5/components/bt/common/hci_log/include -I/Users/kafka/esp/esp-idf-v5.5.5/components/bt/common/ble_log/include -I/Users/kafka/esp/esp-idf-v5.5.5/components/bt/common/ble_log/deprecated/include -I/Users/kafka/esp/esp-idf-v5.5.5/components/bt/common/tinycrypt/include -I/Users/kafka/esp/esp-idf-v5.5.5/components/bt/common/tinycrypt/port -I/Users/kafka/esp/esp-idf-v5.5.5/components/bt/include/esp32c3/include -I/Users/kafka/esp/esp-idf-v5.5.5/components/bt/host/bluedroid/api/include/api -I/Users/kafka/esp/esp-idf-v5.5.5/components/bt/esp_ble_mesh/common/include -I/Users/kafka/esp/esp-idf-v5.5.5/components/bt/esp_ble_mesh/core -I/Users/kafka/esp/esp-idf-v5.5.5/components/bt/esp_ble_mesh/core/include -I/Users/kafka/esp/esp-idf-v5.5.5/components/bt/esp_ble_mesh/core/storage -I/Users/kafka/esp/esp-idf-v5.5.5/components/bt/esp_ble_mesh/btc/include -I/Users/kafka/esp/esp-idf-v5.5.5/components/bt/esp_ble_mesh/models/common/include -I/Users/kafka/esp/esp-idf-v5.5.5/components/bt/esp_ble_mesh/models/client/include -I/Users/kafka/esp/esp-idf-v5.5.5/components/bt/esp_ble_mesh/models/server/include -I/Users/kafka/esp/esp-idf-v5.5.5/components/bt/esp_ble_mesh/api/core/include -I/Users/kafka/esp/esp-idf-v5.5.5/components/bt/esp_ble_mesh/api/models/include -I/Users/kafka/esp/esp-idf-v5.5.5/components/bt/esp_ble_mesh/api -I/Users/kafka/esp/esp-idf-v5.5.5/components/bt/esp_ble_mesh/lib/include -I/Users/kafka/esp/esp-idf-v5.5.5/components/bt/esp_ble_mesh/v1.1/api/core/include -I/Users/kafka/esp/esp-idf-v5.5.5/components/bt/esp_ble_mesh/v1.1/api/models/include -I/Users/kafka/esp/esp-idf-v5.5.5/components/bt/esp_ble_mesh/v1.1/btc/include -I/Users/kafka/esp/esp-idf-v5.5.5/components/bt/esp_ble_mesh/v1.1/include -I/Users/kafka/esp/esp-idf-v5.5.5/components/bt/esp_ble_mesh/v1.1/dfu -I/Users/kafka/esp/esp-idf-v5.5.5/components/bt/esp_ble_mesh/v1.1/mbt -I/Users/kafka/esp/esp-idf-v5.5.5/components/esp_timer/include -I/Users/kafka/esp/esp-idf-v5.5.5/components/esp_wifi/include -I/Users/kafka/esp/esp-idf-v5.5.5/components/esp_wifi/include/local -I/Users/kafka/esp/esp-idf-v5.5.5/components/esp_wifi/wifi_apps/include -I/Users/kafka/esp/esp-idf-v5.5.5/components/esp_wifi/wifi_apps/nan_app/include -I/Users/kafka/esp/esp-idf-v5.5.5/components/esp_event/include -I/Users/kafka/esp/esp-idf-v5.5.5/components/esp_phy/include -I/Users/kafka/esp/esp-idf-v5.5.5/components/esp_phy/esp32s3/include -I/Users/kafka/esp/esp-idf-v5.5.5/components/esp_netif/include -I/Users/kafka/esp/esp-idf-v5.5.5/components/esp_driver_spi/include -I/Users/kafka/esp/esp-idf-v5.5.5/components/esp_pm/include -I/Users/kafka/esp/esp-idf-v5.5.5/components/esp_driver_gpio/include -I/Users/kafka/esp/esp-idf-v5.5.5/components/nvs_flash/include -I/Users/kafka/esp/esp-idf-v5.5.5/components/esp_partition/include -I/Users/kafka/esp/esp-idf-v5.5.5/components/esp_driver_uart/include -I/Users/kafka/esp/esp-idf-v5.5.5/components/vfs/include -I/Users/kafka/esp/esp-idf-v5.5.5/examples/bluetooth/esp_ble_mesh/common_components/example_init @"/Users/kafka/Documents/Notion/esp-ble/stm32-project/integration/esp32-s3/build/toolchain/cflags" -fdiagnostics-color=always -ffunction-sections -fdata-sections -Wall -Werror=all -Wno-error=unused-function -Wno-error=unused-variable -Wno-error=unused-but-set-variable -Wno-error=deprecated-declarations -Wextra -Wno-error=extra -Wno-unused-parameter -Wno-sign-compare -Wno-enum-conversion -gdwarf-4 -ggdb -Og -fno-shrink-wrap -fmacro-prefix-map=/Users/kafka/Documents/Notion/esp-ble/stm32-project/integration/esp32-s3=. -fmacro-prefix-map=/Users/kafka/esp/esp-idf-v5.5.5=/IDF -fstrict-volatile-bitfields -fno-jump-tables -fno-tree-switch-conversion -std=gnu17 -Wno-old-style-declaration -MD -MT esp-idf/main/CMakeFiles/__idf_main.dir/mesh_node.c.obj -MF esp-idf/main/CMakeFiles/__idf_main.dir/mesh_node.c.obj.d -o esp-idf/main/CMakeFiles/__idf_main.dir/mesh_node.c.obj -c /Users/kafka/Documents/Notion/esp-ble/stm32-project/integration/esp32-s3/main/mesh_node.c
/Users/kafka/Documents/Notion/esp-ble/stm32-project/integration/esp32-s3/main/mesh_node.c: In function 'refresh_snapshot':
/Users/kafka/Documents/Notion/esp-ble/stm32-project/integration/esp32-s3/main/mesh_node.c:136:22: error: 'esp_ble_mesh_model_pub_t' has no member named 'addr'
  136 |     s.pub = event_pub.addr;
      |                      ^
/Users/kafka/Documents/Notion/esp-ble/stm32-project/integration/esp32-s3/main/mesh_node.c:149:79: error: 'esp_ble_mesh_model_pub_t' has no member named 'addr'
  149 |                     bound_to(&root_models[2], s.onoff_app) && onoff_client_pub.addr == 0xC000;
      |                                                                               ^
[1463/1491] Building C object esp-idf/main/CMakeFiles/__idf_main.dir/main.c.obj
[1464/1491] Building C object esp-idf/main/CMakeFiles/__idf_main.dir/bridge_runtime.c.obj
[1465/1491] Building C object esp-idf/wifi_provisioning/CMakeFiles/__idf_wifi_provisioning.dir/src/scheme_ble.c.obj
[1466/1491] Linking C static library esp-idf/nvs_sec_provider/libnvs_sec_provider.a
[1467/1491] Linking C static library esp-idf/espcoredump/libespcoredump.a
[1468/1491] Linking C static library esp-idf/esp_lcd/libesp_lcd.a
[1469/1491] Linking C static library esp-idf/fatfs/libfatfs.a
[1470/1491] Linking C static library esp-idf/mqtt/libmqtt.a
[1471/1491] Linking C static library esp-idf/perfmon/libperfmon.a
[1472/1491] Building C object esp-idf/wifi_provisioning/CMakeFiles/__idf_wifi_provisioning.dir/src/manager.c.obj
[1473/1491] Linking C static library esp-idf/bt/libbt.a
ninja: build stopped: subcommand failed.
ninja failed with exit code 1, output of the command is in the /Users/kafka/Documents/Notion/esp-ble/stm32-project/integration/esp32-s3/build/log/idf_py_stderr_output_60044 and /Users/kafka/Documents/Notion/esp-ble/stm32-project/integration/esp32-s3/build/log/idf_py_stdout_output_60044
